[ERROR] [UID:1788][2358793] wsgiAppHandler pApp->start_response() return NULL.
Traceback (most recent call last):
  File "/home/hightech/virtualenv/project22.quantumcoresoftware.com/home/3.10/lib/python3.10/site-packages/django/core/handlers/exception.py", line 55, in inner
    response = get_response(request)
  File "/home/hightech/virtualenv/project22.quantumcoresoftware.com/home/3.10/lib/python3.10/site-packages/django/core/handlers/base.py", line 181, in _get_response
    callback, callback_args, callback_kwargs = self.resolve_request(request)
  File "/home/hightech/virtualenv/project22.quantumcoresoftware.com/home/3.10/lib/python3.10/site-packages/django/core/handlers/base.py", line 313, in resolve_request
    resolver_match = resolver.resolve(request.path_info)
  File "/home/hightech/virtualenv/project22.quantumcoresoftware.com/home/3.10/lib/python3.10/site-packages/django/urls/resolvers.py", line 666, in resolve
    for pattern in self.url_patterns:
  File "/home/hightech/virtualenv/project22.quantumcoresoftware.com/home/3.10/lib/python3.10/site-packages/django/utils/functional.py", line 47, in __get__
    res = instance.__dict__[self.name] = self.func(instance)
  File "/home/hightech/virtualenv/project22.quantumcoresoftware.com/home/3.10/lib/python3.10/site-packages/django/urls/resolvers.py", line 718, in url_patterns
    patterns = getattr(self.urlconf_module, "urlpatterns", self.urlconf_module)
  File "/home/hightech/virtualenv/project22.quantumcoresoftware.com/home/3.10/lib/python3.10/site-packages/django/utils/functional.py", line 47, in __get__
    res = instance.__dict__[self.name] = self.func(instance)
  File "/home/hightech/virtualenv/project22.quantumcoresoftware.com/home/3.10/lib/python3.10/site-packages/django/urls/resolvers.py", line 711, in urlconf_module
    return import_module(self.urlconf_name)
  File "/opt/alt/python310/lib64/python3.10/importlib/__init__.py", line 126, in import_module
    return _bootstrap._gcd_import(name[level:], package, level)
  File "<frozen importlib._bootstrap>", line 1050, in _gcd_import
  File "<frozen importlib._bootstrap>", line 1027, in _find_and_load
  File "<frozen importlib._bootstrap>", line 1006, in _find_and_load_unlocked
  File "<frozen importlib._bootstrap>", line 688, in _load_unlocked
  File "<frozen importlib._bootstrap_external>", line 883, in exec_module
  File "<frozen importlib._bootstrap>", line 241, in _call_with_frames_removed
  File "/home/hightech/project22.quantumcoresoftware.com/home/home/urls.py", line 24, in <module>
    path("",include('main.urls'))
  File "/home/hightech/virtualenv/project22.quantumcoresoftware.com/home/3.10/lib/python3.10/site-packages/django/urls/conf.py", line 39, in include
    urlconf_module = import_module(urlconf_module)
  File "/opt/alt/python310/lib64/python3.10/importlib/__init__.py", line 126, in import_module
    return _bootstrap._gcd_import(name[level:], package, level)
  File "<frozen importlib._bootstrap>", line 1050, in _gcd_import
  File "<frozen importlib._bootstrap>", line 1027, in _find_and_load
  File "<frozen importlib._bootstrap>", line 1006, in _find_and_load_unlocked
  File "<frozen importlib._bootstrap>", line 688, in _load_unlocked
  File "<frozen importlib._bootstrap_external>", line 883, in exec_module
  File "<frozen importlib._bootstrap>", line 241, in _call_with_frames_removed
  File "/home/hightech/project22.quantumcoresoftware.com/home/main/urls.py", line 14, in <module>
    path('general-construction/', views.general_construction, name='general_construction'),
NameError: name 'views' is not defined

During handling of the above exception, another exception occurred:

Traceback (most recent call last):
  File "/home/hightech/virtualenv/project22.quantumcoresoftware.com/home/3.10/lib/python3.10/site-packages/django/core/handlers/exception.py", line 55, in inner
    response = get_response(request)
  File "/home/hightech/virtualenv/project22.quantumcoresoftware.com/home/3.10/lib/python3.10/site-packages/django/utils/deprecation.py", line 120, in __call__
    response = response or self.get_response(request)
  File "/home/hightech/virtualenv/project22.quantumcoresoftware.com/home/3.10/lib/python3.10/site-packages/django/core/handlers/exception.py", line 57, in inner
    response = response_for_exception(request, exc)
  File "/home/hightech/virtualenv/project22.quantumcoresoftware.com/home/3.10/lib/python3.10/site-packages/django/core/handlers/exception.py", line 141, in response_for_exception
    response = handle_uncaught_exception(
  File "/home/hightech/virtualenv/project22.quantumcoresoftware.com/home/3.10/lib/python3.10/site-packages/django/core/handlers/exception.py", line 182, in handle_uncaught_exception
    return debug.technical_500_response(request, *exc_info)
  File "/home/hightech/virtualenv/project22.quantumcoresoftware.com/home/3.10/lib/python3.10/site-packages/django/views/debug.py", line 69, in technical_500_response
    html = reporter.get_traceback_html()
  File "/home/hightech/virtualenv/project22.quantumcoresoftware.com/home/3.10/lib/python3.10/site-packages/django/views/debug.py", line 428, in get_traceback_html
    c = Context(self.get_traceback_data(), use_l10n=False)
  File "/home/hightech/virtualenv/project22.quantumcoresoftware.com/home/3.10/lib/python3.10/site-packages/django/views/debug.py", line 411, in get_traceback_data
    c["raising_view_name"] = get_caller(self.request)
  File "/home/hightech/virtualenv/project22.quantumcoresoftware.com/home/3.10/lib/python3.10/site-packages/django/views/debug.py", line 102, in get_caller
    resolver_match = resolve(request.path)
  File "/home/hightech/virtualenv/project22.quantumcoresoftware.com/home/3.10/lib/python3.10/site-packages/django/urls/base.py", line 25, in resolve
    return get_resolver(urlconf).resolve(path)
  File "/home/hightech/virtualenv/project22.quantumcoresoftware.com/home/3.10/lib/python3.10/site-packages/django/urls/resolvers.py", line 666, in resolve
    for pattern in self.url_patterns:
  File "/home/hightech/virtualenv/project22.quantumcoresoftware.com/home/3.10/lib/python3.10/site-packages/django/utils/functional.py", line 47, in __get__
    res = instance.__dict__[self.name] = self.func(instance)
  File "/home/hightech/virtualenv/project22.quantumcoresoftware.com/home/3.10/lib/python3.10/site-packages/django/urls/resolvers.py", line 718, in url_patterns
    patterns = getattr(self.urlconf_module, "urlpatterns", self.urlconf_module)
  File "/home/hightech/virtualenv/project22.quantumcoresoftware.com/home/3.10/lib/python3.10/site-packages/django/utils/functional.py", line 47, in __get__
    res = instance.__dict__[self.name] = self.func(instance)
  File "/home/hightech/virtualenv/project22.quantumcoresoftware.com/home/3.10/lib/python3.10/site-packages/django/urls/resolvers.py", line 711, in urlconf_module
    return import_module(self.urlconf_name)
  File "/opt/alt/python310/lib64/python3.10/importlib/__init__.py", line 126, in import_module
    return _bootstrap._gcd_import(name[level:], package, level)
  File "<frozen importlib._bootstrap>", line 1050, in _gcd_import
  File "<frozen importlib._bootstrap>", line 1027, in _find_and_load
  File "<frozen importlib._bootstrap>", line 1006, in _find_and_load_unlocked
  File "<frozen importlib._bootstrap>", line 688, in _load_unlocked
  File "<frozen importlib._bootstrap_external>", line 883, in exec_module
  File "<frozen importlib._bootstrap>", line 241, in _call_with_frames_removed
  File "/home/hightech/project22.quantumcoresoftware.com/home/home/urls.py", line 24, in <module>
    path("",include('main.urls'))
  File "/home/hightech/virtualenv/project22.quantumcoresoftware.com/home/3.10/lib/python3.10/site-packages/django/urls/conf.py", line 39, in include
    urlconf_module = import_module(urlconf_module)
  File "/opt/alt/python310/lib64/python3.10/importlib/__init__.py", line 126, in import_module
    return _bootstrap._gcd_import(name[level:], package, level)
  File "<frozen importlib._bootstrap>", line 1050, in _gcd_import
  File "<frozen importlib._bootstrap>", line 1027, in _find_and_load
  File "<frozen importlib._bootstrap>", line 1006, in _find_and_load_unlocked
  File "<frozen importlib._bootstrap>", line 688, in _load_unlocked
  File "<frozen importlib._bootstrap_external>", line 883, in exec_module
  File "<frozen importlib._bootstrap>", line 241, in _call_with_frames_removed
  File "/home/hightech/project22.quantumcoresoftware.com/home/main/urls.py", line 14, in <module>
    path('general-construction/', views.general_construction, name='general_construction'),
NameError: name 'views' is not defined

During handling of the above exception, another exception occurred:

Traceback (most recent call last):
  File "/home/hightech/virtualenv/project22.quantumcoresoftware.com/home/3.10/lib/python3.10/site-packages/django/core/handlers/exception.py", line 55, in inner
    response = get_response(request)
  File "/home/hightech/virtualenv/project22.quantumcoresoftware.com/home/3.10/lib/python3.10/site-packages/django/utils/deprecation.py", line 120, in __call__
    response = response or self.get_response(request)
  File "/home/hightech/virtualenv/project22.quantumcoresoftware.com/home/3.10/lib/python3.10/site-packages/django/core/handlers/exception.py", line 57, in inner
    response = response_for_exception(request, exc)
  File "/home/hightech/virtualenv/project22.quantumcoresoftware.com/home/3.10/lib/python3.10/site-packages/django/core/handlers/exception.py", line 141, in response_for_exception
    response = handle_uncaught_exception(
  File "/home/hightech/virtualenv/project22.quantumcoresoftware.com/home/3.10/lib/python3.10/site-packages/django/core/handlers/exception.py", line 182, in handle_uncaught_exception
    return debug.technical_500_response(request, *exc_info)
  File "/home/hightech/virtualenv/project22.quantumcoresoftware.com/home/3.10/lib/python3.10/site-packages/django/views/debug.py", line 69, in technical_500_response
    html = reporter.get_traceback_html()
  File "/home/hightech/virtualenv/project22.quantumcoresoftware.com/home/3.10/lib/python3.10/site-packages/django/views/debug.py", line 428, in get_traceback_html
    c = Context(self.get_traceback_data(), use_l10n=False)
  File "/home/hightech/virtualenv/project22.quantumcoresoftware.com/home/3.10/lib/python3.10/site-packages/django/views/debug.py", line 411, in get_traceback_data
    c["raising_view_name"] = get_caller(self.request)
  File "/home/hightech/virtualenv/project22.quantumcoresoftware.com/home/3.10/lib/python3.10/site-packages/django/views/debug.py", line 102, in get_caller
    resolver_match = resolve(request.path)
  File "/home/hightech/virtualenv/project22.quantumcoresoftware.com/home/3.10/lib/python3.10/site-packages/django/urls/base.py", line 25, in resolve
    return get_resolver(urlconf).resolve(path)
  File "/home/hightech/virtualenv/project22.quantumcoresoftware.com/home/3.10/lib/python3.10/site-packages/django/urls/resolvers.py", line 666, in resolve
    for pattern in self.url_patterns:
  File "/home/hightech/virtualenv/project22.quantumcoresoftware.com/home/3.10/lib/python3.10/site-packages/django/utils/functional.py", line 47, in __get__
    res = instance.__dict__[self.name] = self.func(instance)
  File "/home/hightech/virtualenv/project22.quantumcoresoftware.com/home/3.10/lib/python3.10/site-packages/django/urls/resolvers.py", line 718, in url_patterns
    patterns = getattr(self.urlconf_module, "urlpatterns", self.urlconf_module)
  File "/home/hightech/virtualenv/project22.quantumcoresoftware.com/home/3.10/lib/python3.10/site-packages/django/utils/functional.py", line 47, in __get__
    res = instance.__dict__[self.name] = self.func(instance)
  File "/home/hightech/virtualenv/project22.quantumcoresoftware.com/home/3.10/lib/python3.10/site-packages/django/urls/resolvers.py", line 711, in urlconf_module
    return import_module(self.urlconf_name)
  File "/opt/alt/python310/lib64/python3.10/importlib/__init__.py", line 126, in import_module
    return _bootstrap._gcd_import(name[level:], package, level)
  File "<frozen importlib._bootstrap>", line 1050, in _gcd_import
  File "<frozen importlib._bootstrap>", line 1027, in _find_and_load
  File "<frozen importlib._bootstrap>", line 1006, in _find_and_load_unlocked
  File "<frozen importlib._bootstrap>", line 688, in _load_unlocked
  File "<frozen importlib._bootstrap_external>", line 883, in exec_module
  File "<frozen importlib._bootstrap>", line 241, in _call_with_frames_removed
  File "/home/hightech/project22.quantumcoresoftware.com/home/home/urls.py", line 24, in <module>
    path("",include('main.urls'))
  File "/home/hightech/virtualenv/project22.quantumcoresoftware.com/home/3.10/lib/python3.10/site-packages/django/urls/conf.py", line 39, in include
    urlconf_module = import_module(urlconf_module)
  File "/opt/alt/python310/lib64/python3.10/importlib/__init__.py", line 126, in import_module
    return _bootstrap._gcd_import(name[level:], package, level)
  File "<frozen importlib._bootstrap>", line 1050, in _gcd_import
  File "<frozen importlib._bootstrap>", line 1027, in _find_and_load
  File "<frozen importlib._bootstrap>", line 1006, in _find_and_load_unlocked
  File "<frozen importlib._bootstrap>", line 688, in _load_unlocked
  File "<frozen importlib._bootstrap_external>", line 883, in exec_module
  File "<frozen importlib._bootstrap>", line 241, in _call_with_frames_removed
  File "/home/hightech/project22.quantumcoresoftware.com/home/main/urls.py", line 14, in <module>
    path('general-construction/', views.general_construction, name='general_construction'),
NameError: name 'views' is not defined

During handling of the above exception, another exception occurred:

Traceback (most recent call last):
  File "/home/hightech/virtualenv/project22.quantumcoresoftware.com/home/3.10/lib/python3.10/site-packages/django/core/handlers/exception.py", line 55, in inner
    response = get_response(request)
  File "/home/hightech/virtualenv/project22.quantumcoresoftware.com/home/3.10/lib/python3.10/site-packages/django/utils/deprecation.py", line 120, in __call__
    response = response or self.get_response(request)
  File "/home/hightech/virtualenv/project22.quantumcoresoftware.com/home/3.10/lib/python3.10/site-packages/django/core/handlers/exception.py", line 57, in inner
    response = response_for_exception(request, exc)
  File "/home/hightech/virtualenv/project22.quantumcoresoftware.com/home/3.10/lib/python3.10/site-packages/django/core/handlers/exception.py", line 141, in response_for_exception
    response = handle_uncaught_exception(
  File "/home/hightech/virtualenv/project22.quantumcoresoftware.com/home/3.10/lib/python3.10/site-packages/django/core/handlers/exception.py", line 182, in handle_uncaught_exception
    return debug.technical_500_response(request, *exc_info)
  File "/home/hightech/virtualenv/project22.quantumcoresoftware.com/home/3.10/lib/python3.10/site-packages/django/views/debug.py", line 69, in technical_500_response
    html = reporter.get_traceback_html()
  File "/home/hightech/virtualenv/project22.quantumcoresoftware.com/home/3.10/lib/python3.10/site-packages/django/views/debug.py", line 428, in get_traceback_html
    c = Context(self.get_traceback_data(), use_l10n=False)
  File "/home/hightech/virtualenv/project22.quantumcoresoftware.com/home/3.10/lib/python3.10/site-packages/django/views/debug.py", line 411, in get_traceback_data
    c["raising_view_name"] = get_caller(self.request)
  File "/home/hightech/virtualenv/project22.quantumcoresoftware.com/home/3.10/lib/python3.10/site-packages/django/views/debug.py", line 102, in get_caller
    resolver_match = resolve(request.path)
  File "/home/hightech/virtualenv/project22.quantumcoresoftware.com/home/3.10/lib/python3.10/site-packages/django/urls/base.py", line 25, in resolve
    return get_resolver(urlconf).resolve(path)
  File "/home/hightech/virtualenv/project22.quantumcoresoftware.com/home/3.10/lib/python3.10/site-packages/django/urls/resolvers.py", line 666, in resolve
    for pattern in self.url_patterns:
  File "/home/hightech/virtualenv/project22.quantumcoresoftware.com/home/3.10/lib/python3.10/site-packages/django/utils/functional.py", line 47, in __get__
    res = instance.__dict__[self.name] = self.func(instance)
  File "/home/hightech/virtualenv/project22.quantumcoresoftware.com/home/3.10/lib/python3.10/site-packages/django/urls/resolvers.py", line 718, in url_patterns
    patterns = getattr(self.urlconf_module, "urlpatterns", self.urlconf_module)
  File "/home/hightech/virtualenv/project22.quantumcoresoftware.com/home/3.10/lib/python3.10/site-packages/django/utils/functional.py", line 47, in __get__
    res = instance.__dict__[self.name] = self.func(instance)
  File "/home/hightech/virtualenv/project22.quantumcoresoftware.com/home/3.10/lib/python3.10/site-packages/django/urls/resolvers.py", line 711, in urlconf_module
    return import_module(self.urlconf_name)
  File "/opt/alt/python310/lib64/python3.10/importlib/__init__.py", line 126, in import_module
    return _bootstrap._gcd_import(name[level:], package, level)
  File "<frozen importlib._bootstrap>", line 1050, in _gcd_import
  File "<frozen importlib._bootstrap>", line 1027, in _find_and_load
  File "<frozen importlib._bootstrap>", line 1006, in _find_and_load_unlocked
  File "<frozen importlib._bootstrap>", line 688, in _load_unlocked
  File "<frozen importlib._bootstrap_external>", line 883, in exec_module
  File "<frozen importlib._bootstrap>", line 241, in _call_with_frames_removed
  File "/home/hightech/project22.quantumcoresoftware.com/home/home/urls.py", line 24, in <module>
    path("",include('main.urls'))
  File "/home/hightech/virtualenv/project22.quantumcoresoftware.com/home/3.10/lib/python3.10/site-packages/django/urls/conf.py", line 39, in include
    urlconf_module = import_module(urlconf_module)
  File "/opt/alt/python310/lib64/python3.10/importlib/__init__.py", line 126, in import_module
    return _bootstrap._gcd_import(name[level:], package, level)
  File "<frozen importlib._bootstrap>", line 1050, in _gcd_import
  File "<frozen importlib._bootstrap>", line 1027, in _find_and_load
  File "<frozen importlib._bootstrap>", line 1006, in _find_and_load_unlocked
  File "<frozen importlib._bootstrap>", line 688, in _load_unlocked
  File "<frozen importlib._bootstrap_external>", line 883, in exec_module
  File "<frozen importlib._bootstrap>", line 241, in _call_with_frames_removed
  File "/home/hightech/project22.quantumcoresoftware.com/home/main/urls.py", line 14, in <module>
    path('general-construction/', views.general_construction, name='general_construction'),
NameError: name 'views' is not defined

During handling of the above exception, another exception occurred:

Traceback (most recent call last):
  File "/home/hightech/virtualenv/project22.quantumcoresoftware.com/home/3.10/lib/python3.10/site-packages/django/core/handlers/exception.py", line 55, in inner
    response = get_response(request)
  File "/home/hightech/virtualenv/project22.quantumcoresoftware.com/home/3.10/lib/python3.10/site-packages/django/utils/deprecation.py", line 120, in __call__
    response = response or self.get_response(request)
  File "/home/hightech/virtualenv/project22.quantumcoresoftware.com/home/3.10/lib/python3.10/site-packages/django/core/handlers/exception.py", line 57, in inner
    response = response_for_exception(request, exc)
  File "/home/hightech/virtualenv/project22.quantumcoresoftware.com/home/3.10/lib/python3.10/site-packages/django/core/handlers/exception.py", line 141, in response_for_exception
    response = handle_uncaught_exception(
  File "/home/hightech/virtualenv/project22.quantumcoresoftware.com/home/3.10/lib/python3.10/site-packages/django/core/handlers/exception.py", line 182, in handle_uncaught_exception
    return debug.technical_500_response(request, *exc_info)
  File "/home/hightech/virtualenv/project22.quantumcoresoftware.com/home/3.10/lib/python3.10/site-packages/django/views/debug.py", line 69, in technical_500_response
    html = reporter.get_traceback_html()
  File "/home/hightech/virtualenv/project22.quantumcoresoftware.com/home/3.10/lib/python3.10/site-packages/django/views/debug.py", line 428, in get_traceback_html
    c = Context(self.get_traceback_data(), use_l10n=False)
  File "/home/hightech/virtualenv/project22.quantumcoresoftware.com/home/3.10/lib/python3.10/site-packages/django/views/debug.py", line 411, in get_traceback_data
    c["raising_view_name"] = get_caller(self.request)
  File "/home/hightech/virtualenv/project22.quantumcoresoftware.com/home/3.10/lib/python3.10/site-packages/django/views/debug.py", line 102, in get_caller
    resolver_match = resolve(request.path)
  File "/home/hightech/virtualenv/project22.quantumcoresoftware.com/home/3.10/lib/python3.10/site-packages/django/urls/base.py", line 25, in resolve
    return get_resolver(urlconf).resolve(path)
  File "/home/hightech/virtualenv/project22.quantumcoresoftware.com/home/3.10/lib/python3.10/site-packages/django/urls/resolvers.py", line 666, in resolve
    for pattern in self.url_patterns:
  File "/home/hightech/virtualenv/project22.quantumcoresoftware.com/home/3.10/lib/python3.10/site-packages/django/utils/functional.py", line 47, in __get__
    res = instance.__dict__[self.name] = self.func(instance)
  File "/home/hightech/virtualenv/project22.quantumcoresoftware.com/home/3.10/lib/python3.10/site-packages/django/urls/resolvers.py", line 718, in url_patterns
    patterns = getattr(self.urlconf_module, "urlpatterns", self.urlconf_module)
  File "/home/hightech/virtualenv/project22.quantumcoresoftware.com/home/3.10/lib/python3.10/site-packages/django/utils/functional.py", line 47, in __get__
    res = instance.__dict__[self.name] = self.func(instance)
  File "/home/hightech/virtualenv/project22.quantumcoresoftware.com/home/3.10/lib/python3.10/site-packages/django/urls/resolvers.py", line 711, in urlconf_module
    return import_module(self.urlconf_name)
  File "/opt/alt/python310/lib64/python3.10/importlib/__init__.py", line 126, in import_module
    return _bootstrap._gcd_import(name[level:], package, level)
  File "<frozen importlib._bootstrap>", line 1050, in _gcd_import
  File "<frozen importlib._bootstrap>", line 1027, in _find_and_load
  File "<frozen importlib._bootstrap>", line 1006, in _find_and_load_unlocked
  File "<frozen importlib._bootstrap>", line 688, in _load_unlocked
  File "<frozen importlib._bootstrap_external>", line 883, in exec_module
  File "<frozen importlib._bootstrap>", line 241, in _call_with_frames_removed
  File "/home/hightech/project22.quantumcoresoftware.com/home/home/urls.py", line 24, in <module>
    path("",include('main.urls'))
  File "/home/hightech/virtualenv/project22.quantumcoresoftware.com/home/3.10/lib/python3.10/site-packages/django/urls/conf.py", line 39, in include
    urlconf_module = import_module(urlconf_module)
  File "/opt/alt/python310/lib64/python3.10/importlib/__init__.py", line 126, in import_module
    return _bootstrap._gcd_import(name[level:], package, level)
  File "<frozen importlib._bootstrap>", line 1050, in _gcd_import
  File "<frozen importlib._bootstrap>", line 1027, in _find_and_load
  File "<frozen importlib._bootstrap>", line 1006, in _find_and_load_unlocked
  File "<frozen importlib._bootstrap>", line 688, in _load_unlocked
  File "<frozen importlib._bootstrap_external>", line 883, in exec_module
  File "<frozen importlib._bootstrap>", line 241, in _call_with_frames_removed
  File "/home/hightech/project22.quantumcoresoftware.com/home/main/urls.py", line 14, in <module>
    path('general-construction/', views.general_construction, name='general_construction'),
NameError: name 'views' is not defined

During handling of the above exception, another exception occurred:

Traceback (most recent call last):
  File "/home/hightech/virtualenv/project22.quantumcoresoftware.com/home/3.10/lib/python3.10/site-packages/django/core/handlers/exception.py", line 55, in inner
    response = get_response(request)
  File "/home/hightech/virtualenv/project22.quantumcoresoftware.com/home/3.10/lib/python3.10/site-packages/django/utils/deprecation.py", line 120, in __call__
    response = response or self.get_response(request)
  File "/home/hightech/virtualenv/project22.quantumcoresoftware.com/home/3.10/lib/python3.10/site-packages/django/core/handlers/exception.py", line 57, in inner
    response = response_for_exception(request, exc)
  File "/home/hightech/virtualenv/project22.quantumcoresoftware.com/home/3.10/lib/python3.10/site-packages/django/core/handlers/exception.py", line 141, in response_for_exception
    response = handle_uncaught_exception(
  File "/home/hightech/virtualenv/project22.quantumcoresoftware.com/home/3.10/lib/python3.10/site-packages/django/core/handlers/exception.py", line 182, in handle_uncaught_exception
    return debug.technical_500_response(request, *exc_info)
  File "/home/hightech/virtualenv/project22.quantumcoresoftware.com/home/3.10/lib/python3.10/site-packages/django/views/debug.py", line 69, in technical_500_response
    html = reporter.get_traceback_html()
  File "/home/hightech/virtualenv/project22.quantumcoresoftware.com/home/3.10/lib/python3.10/site-packages/django/views/debug.py", line 428, in get_traceback_html
    c = Context(self.get_traceback_data(), use_l10n=False)
  File "/home/hightech/virtualenv/project22.quantumcoresoftware.com/home/3.10/lib/python3.10/site-packages/django/views/debug.py", line 411, in get_traceback_data
    c["raising_view_name"] = get_caller(self.request)
  File "/home/hightech/virtualenv/project22.quantumcoresoftware.com/home/3.10/lib/python3.10/site-packages/django/views/debug.py", line 102, in get_caller
    resolver_match = resolve(request.path)
  File "/home/hightech/virtualenv/project22.quantumcoresoftware.com/home/3.10/lib/python3.10/site-packages/django/urls/base.py", line 25, in resolve
    return get_resolver(urlconf).resolve(path)
  File "/home/hightech/virtualenv/project22.quantumcoresoftware.com/home/3.10/lib/python3.10/site-packages/django/urls/resolvers.py", line 666, in resolve
    for pattern in self.url_patterns:
  File "/home/hightech/virtualenv/project22.quantumcoresoftware.com/home/3.10/lib/python3.10/site-packages/django/utils/functional.py", line 47, in __get__
    res = instance.__dict__[self.name] = self.func(instance)
  File "/home/hightech/virtualenv/project22.quantumcoresoftware.com/home/3.10/lib/python3.10/site-packages/django/urls/resolvers.py", line 718, in url_patterns
    patterns = getattr(self.urlconf_module, "urlpatterns", self.urlconf_module)
  File "/home/hightech/virtualenv/project22.quantumcoresoftware.com/home/3.10/lib/python3.10/site-packages/django/utils/functional.py", line 47, in __get__
    res = instance.__dict__[self.name] = self.func(instance)
  File "/home/hightech/virtualenv/project22.quantumcoresoftware.com/home/3.10/lib/python3.10/site-packages/django/urls/resolvers.py", line 711, in urlconf_module
    return import_module(self.urlconf_name)
  File "/opt/alt/python310/lib64/python3.10/importlib/__init__.py", line 126, in import_module
    return _bootstrap._gcd_import(name[level:], package, level)
  File "<frozen importlib._bootstrap>", line 1050, in _gcd_import
  File "<frozen importlib._bootstrap>", line 1027, in _find_and_load
  File "<frozen importlib._bootstrap>", line 1006, in _find_and_load_unlocked
  File "<frozen importlib._bootstrap>", line 688, in _load_unlocked
  File "<frozen importlib._bootstrap_external>", line 883, in exec_module
  File "<frozen importlib._bootstrap>", line 241, in _call_with_frames_removed
  File "/home/hightech/project22.quantumcoresoftware.com/home/home/urls.py", line 24, in <module>
    path("",include('main.urls'))
  File "/home/hightech/virtualenv/project22.quantumcoresoftware.com/home/3.10/lib/python3.10/site-packages/django/urls/conf.py", line 39, in include
    urlconf_module = import_module(urlconf_module)
  File "/opt/alt/python310/lib64/python3.10/importlib/__init__.py", line 126, in import_module
    return _bootstrap._gcd_import(name[level:], package, level)
  File "<frozen importlib._bootstrap>", line 1050, in _gcd_import
  File "<frozen importlib._bootstrap>", line 1027, in _find_and_load
  File "<frozen importlib._bootstrap>", line 1006, in _find_and_load_unlocked
  File "<frozen importlib._bootstrap>", line 688, in _load_unlocked
  File "<frozen importlib._bootstrap_external>", line 883, in exec_module
  File "<frozen importlib._bootstrap>", line 241, in _call_with_frames_removed
  File "/home/hightech/project22.quantumcoresoftware.com/home/main/urls.py", line 14, in <module>
    path('general-construction/', views.general_construction, name='general_construction'),
NameError: name 'views' is not defined

During handling of the above exception, another exception occurred:

Traceback (most recent call last):
  File "/home/hightech/virtualenv/project22.quantumcoresoftware.com/home/3.10/lib/python3.10/site-packages/django/core/handlers/exception.py", line 55, in inner
    response = get_response(request)
  File "/home/hightech/virtualenv/project22.quantumcoresoftware.com/home/3.10/lib/python3.10/site-packages/django/utils/deprecation.py", line 120, in __call__
    response = response or self.get_response(request)
  File "/home/hightech/virtualenv/project22.quantumcoresoftware.com/home/3.10/lib/python3.10/site-packages/django/core/handlers/exception.py", line 57, in inner
    response = response_for_exception(request, exc)
  File "/home/hightech/virtualenv/project22.quantumcoresoftware.com/home/3.10/lib/python3.10/site-packages/django/core/handlers/exception.py", line 141, in response_for_exception
    response = handle_uncaught_exception(
  File "/home/hightech/virtualenv/project22.quantumcoresoftware.com/home/3.10/lib/python3.10/site-packages/django/core/handlers/exception.py", line 182, in handle_uncaught_exception
    return debug.technical_500_response(request, *exc_info)
  File "/home/hightech/virtualenv/project22.quantumcoresoftware.com/home/3.10/lib/python3.10/site-packages/django/views/debug.py", line 69, in technical_500_response
    html = reporter.get_traceback_html()
  File "/home/hightech/virtualenv/project22.quantumcoresoftware.com/home/3.10/lib/python3.10/site-packages/django/views/debug.py", line 428, in get_traceback_html
    c = Context(self.get_traceback_data(), use_l10n=False)
  File "/home/hightech/virtualenv/project22.quantumcoresoftware.com/home/3.10/lib/python3.10/site-packages/django/views/debug.py", line 411, in get_traceback_data
    c["raising_view_name"] = get_caller(self.request)
  File "/home/hightech/virtualenv/project22.quantumcoresoftware.com/home/3.10/lib/python3.10/site-packages/django/views/debug.py", line 102, in get_caller
    resolver_match = resolve(request.path)
  File "/home/hightech/virtualenv/project22.quantumcoresoftware.com/home/3.10/lib/python3.10/site-packages/django/urls/base.py", line 25, in resolve
    return get_resolver(urlconf).resolve(path)
  File "/home/hightech/virtualenv/project22.quantumcoresoftware.com/home/3.10/lib/python3.10/site-packages/django/urls/resolvers.py", line 666, in resolve
    for pattern in self.url_patterns:
  File "/home/hightech/virtualenv/project22.quantumcoresoftware.com/home/3.10/lib/python3.10/site-packages/django/utils/functional.py", line 47, in __get__
    res = instance.__dict__[self.name] = self.func(instance)
  File "/home/hightech/virtualenv/project22.quantumcoresoftware.com/home/3.10/lib/python3.10/site-packages/django/urls/resolvers.py", line 718, in url_patterns
    patterns = getattr(self.urlconf_module, "urlpatterns", self.urlconf_module)
  File "/home/hightech/virtualenv/project22.quantumcoresoftware.com/home/3.10/lib/python3.10/site-packages/django/utils/functional.py", line 47, in __get__
    res = instance.__dict__[self.name] = self.func(instance)
  File "/home/hightech/virtualenv/project22.quantumcoresoftware.com/home/3.10/lib/python3.10/site-packages/django/urls/resolvers.py", line 711, in urlconf_module
    return import_module(self.urlconf_name)
  File "/opt/alt/python310/lib64/python3.10/importlib/__init__.py", line 126, in import_module
    return _bootstrap._gcd_import(name[level:], package, level)
  File "<frozen importlib._bootstrap>", line 1050, in _gcd_import
  File "<frozen importlib._bootstrap>", line 1027, in _find_and_load
  File "<frozen importlib._bootstrap>", line 1006, in _find_and_load_unlocked
  File "<frozen importlib._bootstrap>", line 688, in _load_unlocked
  File "<frozen importlib._bootstrap_external>", line 883, in exec_module
  File "<frozen importlib._bootstrap>", line 241, in _call_with_frames_removed
  File "/home/hightech/project22.quantumcoresoftware.com/home/home/urls.py", line 24, in <module>
    path("",include('main.urls'))
  File "/home/hightech/virtualenv/project22.quantumcoresoftware.com/home/3.10/lib/python3.10/site-packages/django/urls/conf.py", line 39, in include
    urlconf_module = import_module(urlconf_module)
  File "/opt/alt/python310/lib64/python3.10/importlib/__init__.py", line 126, in import_module
    return _bootstrap._gcd_import(name[level:], package, level)
  File "<frozen importlib._bootstrap>", line 1050, in _gcd_import
  File "<frozen importlib._bootstrap>", line 1027, in _find_and_load
  File "<frozen importlib._bootstrap>", line 1006, in _find_and_load_unlocked
  File "<frozen importlib._bootstrap>", line 688, in _load_unlocked
  File "<frozen importlib._bootstrap_external>", line 883, in exec_module
  File "<frozen importlib._bootstrap>", line 241, in _call_with_frames_removed
  File "/home/hightech/project22.quantumcoresoftware.com/home/main/urls.py", line 14, in <module>
    path('general-construction/', views.general_construction, name='general_construction'),
NameError: name 'views' is not defined

During handling of the above exception, another exception occurred:

Traceback (most recent call last):
  File "/home/hightech/virtualenv/project22.quantumcoresoftware.com/home/3.10/lib/python3.10/site-packages/django/core/handlers/exception.py", line 55, in inner
    response = get_response(request)
  File "/home/hightech/virtualenv/project22.quantumcoresoftware.com/home/3.10/lib/python3.10/site-packages/django/utils/deprecation.py", line 120, in __call__
    response = response or self.get_response(request)
  File "/home/hightech/virtualenv/project22.quantumcoresoftware.com/home/3.10/lib/python3.10/site-packages/django/core/handlers/exception.py", line 57, in inner
    response = response_for_exception(request, exc)
  File "/home/hightech/virtualenv/project22.quantumcoresoftware.com/home/3.10/lib/python3.10/site-packages/django/core/handlers/exception.py", line 141, in response_for_exception
    response = handle_uncaught_exception(
  File "/home/hightech/virtualenv/project22.quantumcoresoftware.com/home/3.10/lib/python3.10/site-packages/django/core/handlers/exception.py", line 182, in handle_uncaught_exception
    return debug.technical_500_response(request, *exc_info)
  File "/home/hightech/virtualenv/project22.quantumcoresoftware.com/home/3.10/lib/python3.10/site-packages/django/views/debug.py", line 69, in technical_500_response
    html = reporter.get_traceback_html()
  File "/home/hightech/virtualenv/project22.quantumcoresoftware.com/home/3.10/lib/python3.10/site-packages/django/views/debug.py", line 428, in get_traceback_html
    c = Context(self.get_traceback_data(), use_l10n=False)
  File "/home/hightech/virtualenv/project22.quantumcoresoftware.com/home/3.10/lib/python3.10/site-packages/django/views/debug.py", line 411, in get_traceback_data
    c["raising_view_name"] = get_caller(self.request)
  File "/home/hightech/virtualenv/project22.quantumcoresoftware.com/home/3.10/lib/python3.10/site-packages/django/views/debug.py", line 102, in get_caller
    resolver_match = resolve(request.path)
  File "/home/hightech/virtualenv/project22.quantumcoresoftware.com/home/3.10/lib/python3.10/site-packages/django/urls/base.py", line 25, in resolve
    return get_resolver(urlconf).resolve(path)
  File "/home/hightech/virtualenv/project22.quantumcoresoftware.com/home/3.10/lib/python3.10/site-packages/django/urls/resolvers.py", line 666, in resolve
    for pattern in self.url_patterns:
  File "/home/hightech/virtualenv/project22.quantumcoresoftware.com/home/3.10/lib/python3.10/site-packages/django/utils/functional.py", line 47, in __get__
    res = instance.__dict__[self.name] = self.func(instance)
  File "/home/hightech/virtualenv/project22.quantumcoresoftware.com/home/3.10/lib/python3.10/site-packages/django/urls/resolvers.py", line 718, in url_patterns
    patterns = getattr(self.urlconf_module, "urlpatterns", self.urlconf_module)
  File "/home/hightech/virtualenv/project22.quantumcoresoftware.com/home/3.10/lib/python3.10/site-packages/django/utils/functional.py", line 47, in __get__
    res = instance.__dict__[self.name] = self.func(instance)
  File "/home/hightech/virtualenv/project22.quantumcoresoftware.com/home/3.10/lib/python3.10/site-packages/django/urls/resolvers.py", line 711, in urlconf_module
    return import_module(self.urlconf_name)
  File "/opt/alt/python310/lib64/python3.10/importlib/__init__.py", line 126, in import_module
    return _bootstrap._gcd_import(name[level:], package, level)
  File "<frozen importlib._bootstrap>", line 1050, in _gcd_import
  File "<frozen importlib._bootstrap>", line 1027, in _find_and_load
  File "<frozen importlib._bootstrap>", line 1006, in _find_and_load_unlocked
  File "<frozen importlib._bootstrap>", line 688, in _load_unlocked
  File "<frozen importlib._bootstrap_external>", line 883, in exec_module
  File "<frozen importlib._bootstrap>", line 241, in _call_with_frames_removed
  File "/home/hightech/project22.quantumcoresoftware.com/home/home/urls.py", line 24, in <module>
    path("",include('main.urls'))
  File "/home/hightech/virtualenv/project22.quantumcoresoftware.com/home/3.10/lib/python3.10/site-packages/django/urls/conf.py", line 39, in include
    urlconf_module = import_module(urlconf_module)
  File "/opt/alt/python310/lib64/python3.10/importlib/__init__.py", line 126, in import_module
    return _bootstrap._gcd_import(name[level:], package, level)
  File "<frozen importlib._bootstrap>", line 1050, in _gcd_import
  File "<frozen importlib._bootstrap>", line 1027, in _find_and_load
  File "<frozen importlib._bootstrap>", line 1006, in _find_and_load_unlocked
  File "<frozen importlib._bootstrap>", line 688, in _load_unlocked
  File "<frozen importlib._bootstrap_external>", line 883, in exec_module
  File "<frozen importlib._bootstrap>", line 241, in _call_with_frames_removed
  File "/home/hightech/project22.quantumcoresoftware.com/home/main/urls.py", line 14, in <module>
    path('general-construction/', views.general_construction, name='general_construction'),
NameError: name 'views' is not defined

During handling of the above exception, another exception occurred:

Traceback (most recent call last):
  File "/home/hightech/virtualenv/project22.quantumcoresoftware.com/home/3.10/lib/python3.10/site-packages/django/core/handlers/wsgi.py", line 124, in __call__
    response = self.get_response(request)
  File "/home/hightech/virtualenv/project22.quantumcoresoftware.com/home/3.10/lib/python3.10/site-packages/django/core/handlers/base.py", line 140, in get_response
    response = self._middleware_chain(request)
  File "/home/hightech/virtualenv/project22.quantumcoresoftware.com/home/3.10/lib/python3.10/site-packages/django/core/handlers/exception.py", line 57, in inner
    response = response_for_exception(request, exc)
  File "/home/hightech/virtualenv/project22.quantumcoresoftware.com/home/3.10/lib/python3.10/site-packages/django/core/handlers/exception.py", line 141, in response_for_exception
    response = handle_uncaught_exception(
  File "/home/hightech/virtualenv/project22.quantumcoresoftware.com/home/3.10/lib/python3.10/site-packages/django/core/handlers/exception.py", line 182, in handle_uncaught_exception
    return debug.technical_500_response(request, *exc_info)
  File "/home/hightech/virtualenv/project22.quantumcoresoftware.com/home/3.10/lib/python3.10/site-packages/django/views/debug.py", line 69, in technical_500_response
    html = reporter.get_traceback_html()
  File "/home/hightech/virtualenv/project22.quantumcoresoftware.com/home/3.10/lib/python3.10/site-packages/django/views/debug.py", line 428, in get_traceback_html
    c = Context(self.get_traceback_data(), use_l10n=False)
  File "/home/hightech/virtualenv/project22.quantumcoresoftware.com/home/3.10/lib/python3.10/site-packages/django/views/debug.py", line 411, in get_traceback_data
    c["raising_view_name"] = get_caller(self.request)
  File "/home/hightech/virtualenv/project22.quantumcoresoftware.com/home/3.10/lib/python3.10/site-packages/django/views/debug.py", line 102, in get_caller
    resolver_match = resolve(request.path)
  File "/home/hightech/virtualenv/project22.quantumcoresoftware.com/home/3.10/lib/python3.10/site-packages/django/urls/base.py", line 25, in resolve
    return get_resolver(urlconf).resolve(path)
  File "/home/hightech/virtualenv/project22.quantumcoresoftware.com/home/3.10/lib/python3.10/site-packages/django/urls/resolvers.py", line 666, in resolve
    for pattern in self.url_patterns:
  File "/home/hightech/virtualenv/project22.quantumcoresoftware.com/home/3.10/lib/python3.10/site-packages/django/utils/functional.py", line 47, in __get__
    res = instance.__dict__[self.name] = self.func(instance)
  File "/home/hightech/virtualenv/project22.quantumcoresoftware.com/home/3.10/lib/python3.10/site-packages/django/urls/resolvers.py", line 718, in url_patterns
    patterns = getattr(self.urlconf_module, "urlpatterns", self.urlconf_module)
  File "/home/hightech/virtualenv/project22.quantumcoresoftware.com/home/3.10/lib/python3.10/site-packages/django/utils/functional.py", line 47, in __get__
    res = instance.__dict__[self.name] = self.func(instance)
  File "/home/hightech/virtualenv/project22.quantumcoresoftware.com/home/3.10/lib/python3.10/site-packages/django/urls/resolvers.py", line 711, in urlconf_module
    return import_module(self.urlconf_name)
  File "/opt/alt/python310/lib64/python3.10/importlib/__init__.py", line 126, in import_module
    return _bootstrap._gcd_import(name[level:], package, level)
  File "<frozen importlib._bootstrap>", line 1050, in _gcd_import
  File "<frozen importlib._bootstrap>", line 1027, in _find_and_load
  File "<frozen importlib._bootstrap>", line 1006, in _find_and_load_unlocked
  File "<frozen importlib._bootstrap>", line 688, in _load_unlocked
  File "<frozen importlib._bootstrap_external>", line 883, in exec_module
  File "<frozen importlib._bootstrap>", line 241, in _call_with_frames_removed
  File "/home/hightech/project22.quantumcoresoftware.com/home/home/urls.py", line 24, in <module>
    path("",include('main.urls'))
  File "/home/hightech/virtualenv/project22.quantumcoresoftware.com/home/3.10/lib/python3.10/site-packages/django/urls/conf.py", line 39, in include
    urlconf_module = import_module(urlconf_module)
  File "/opt/alt/python310/lib64/python3.10/importlib/__init__.py", line 126, in import_module
    return _bootstrap._gcd_import(name[level:], package, level)
  File "<frozen importlib._bootstrap>", line 1050, in _gcd_import
  File "<frozen importlib._bootstrap>", line 1027, in _find_and_load
  File "<frozen importlib._bootstrap>", line 1006, in _find_and_load_unlocked
  File "<frozen importlib._bootstrap>", line 688, in _load_unlocked
  File "<frozen importlib._bootstrap_external>", line 883, in exec_module
  File "<frozen importlib._bootstrap>", line 241, in _call_with_frames_removed
  File "/home/hightech/project22.quantumcoresoftware.com/home/main/urls.py", line 14, in <module>
    path('general-construction/', views.general_construction, name='general_construction'),
NameError: name 'views' is not defined
[ERROR] [UID:1788][2358793] wsgiAppHandler pApp->start_response() return NULL.
Traceback (most recent call last):
  File "/home/hightech/virtualenv/project22.quantumcoresoftware.com/home/3.10/lib/python3.10/site-packages/django/core/handlers/exception.py", line 55, in inner
    response = get_response(request)
  File "/home/hightech/virtualenv/project22.quantumcoresoftware.com/home/3.10/lib/python3.10/site-packages/django/core/handlers/base.py", line 181, in _get_response
    callback, callback_args, callback_kwargs = self.resolve_request(request)
  File "/home/hightech/virtualenv/project22.quantumcoresoftware.com/home/3.10/lib/python3.10/site-packages/django/core/handlers/base.py", line 313, in resolve_request
    resolver_match = resolver.resolve(request.path_info)
  File "/home/hightech/virtualenv/project22.quantumcoresoftware.com/home/3.10/lib/python3.10/site-packages/django/urls/resolvers.py", line 666, in resolve
    for pattern in self.url_patterns:
  File "/home/hightech/virtualenv/project22.quantumcoresoftware.com/home/3.10/lib/python3.10/site-packages/django/utils/functional.py", line 47, in __get__
    res = instance.__dict__[self.name] = self.func(instance)
  File "/home/hightech/virtualenv/project22.quantumcoresoftware.com/home/3.10/lib/python3.10/site-packages/django/urls/resolvers.py", line 718, in url_patterns
    patterns = getattr(self.urlconf_module, "urlpatterns", self.urlconf_module)
  File "/home/hightech/virtualenv/project22.quantumcoresoftware.com/home/3.10/lib/python3.10/site-packages/django/utils/functional.py", line 47, in __get__
    res = instance.__dict__[self.name] = self.func(instance)
  File "/home/hightech/virtualenv/project22.quantumcoresoftware.com/home/3.10/lib/python3.10/site-packages/django/urls/resolvers.py", line 711, in urlconf_module
    return import_module(self.urlconf_name)
  File "/opt/alt/python310/lib64/python3.10/importlib/__init__.py", line 126, in import_module
    return _bootstrap._gcd_import(name[level:], package, level)
  File "<frozen importlib._bootstrap>", line 1050, in _gcd_import
  File "<frozen importlib._bootstrap>", line 1027, in _find_and_load
  File "<frozen importlib._bootstrap>", line 1006, in _find_and_load_unlocked
  File "<frozen importlib._bootstrap>", line 688, in _load_unlocked
  File "<frozen importlib._bootstrap_external>", line 883, in exec_module
  File "<frozen importlib._bootstrap>", line 241, in _call_with_frames_removed
  File "/home/hightech/project22.quantumcoresoftware.com/home/home/urls.py", line 24, in <module>
    path("",include('main.urls'))
  File "/home/hightech/virtualenv/project22.quantumcoresoftware.com/home/3.10/lib/python3.10/site-packages/django/urls/conf.py", line 39, in include
    urlconf_module = import_module(urlconf_module)
  File "/opt/alt/python310/lib64/python3.10/importlib/__init__.py", line 126, in import_module
    return _bootstrap._gcd_import(name[level:], package, level)
  File "<frozen importlib._bootstrap>", line 1050, in _gcd_import
  File "<frozen importlib._bootstrap>", line 1027, in _find_and_load
  File "<frozen importlib._bootstrap>", line 1006, in _find_and_load_unlocked
  File "<frozen importlib._bootstrap>", line 688, in _load_unlocked
  File "<frozen importlib._bootstrap_external>", line 883, in exec_module
  File "<frozen importlib._bootstrap>", line 241, in _call_with_frames_removed
  File "/home/hightech/project22.quantumcoresoftware.com/home/main/urls.py", line 14, in <module>
    path('general-construction/', views.general_construction, name='general_construction'),
NameError: name 'views' is not defined

During handling of the above exception, another exception occurred:

Traceback (most recent call last):
  File "/home/hightech/virtualenv/project22.quantumcoresoftware.com/home/3.10/lib/python3.10/site-packages/django/core/handlers/exception.py", line 55, in inner
    response = get_response(request)
  File "/home/hightech/virtualenv/project22.quantumcoresoftware.com/home/3.10/lib/python3.10/site-packages/django/utils/deprecation.py", line 120, in __call__
    response = response or self.get_response(request)
  File "/home/hightech/virtualenv/project22.quantumcoresoftware.com/home/3.10/lib/python3.10/site-packages/django/core/handlers/exception.py", line 57, in inner
    response = response_for_exception(request, exc)
  File "/home/hightech/virtualenv/project22.quantumcoresoftware.com/home/3.10/lib/python3.10/site-packages/django/core/handlers/exception.py", line 141, in response_for_exception
    response = handle_uncaught_exception(
  File "/home/hightech/virtualenv/project22.quantumcoresoftware.com/home/3.10/lib/python3.10/site-packages/django/core/handlers/exception.py", line 182, in handle_uncaught_exception
    return debug.technical_500_response(request, *exc_info)
  File "/home/hightech/virtualenv/project22.quantumcoresoftware.com/home/3.10/lib/python3.10/site-packages/django/views/debug.py", line 69, in technical_500_response
    html = reporter.get_traceback_html()
  File "/home/hightech/virtualenv/project22.quantumcoresoftware.com/home/3.10/lib/python3.10/site-packages/django/views/debug.py", line 428, in get_traceback_html
    c = Context(self.get_traceback_data(), use_l10n=False)
  File "/home/hightech/virtualenv/project22.quantumcoresoftware.com/home/3.10/lib/python3.10/site-packages/django/views/debug.py", line 411, in get_traceback_data
    c["raising_view_name"] = get_caller(self.request)
  File "/home/hightech/virtualenv/project22.quantumcoresoftware.com/home/3.10/lib/python3.10/site-packages/django/views/debug.py", line 102, in get_caller
    resolver_match = resolve(request.path)
  File "/home/hightech/virtualenv/project22.quantumcoresoftware.com/home/3.10/lib/python3.10/site-packages/django/urls/base.py", line 25, in resolve
    return get_resolver(urlconf).resolve(path)
  File "/home/hightech/virtualenv/project22.quantumcoresoftware.com/home/3.10/lib/python3.10/site-packages/django/urls/resolvers.py", line 666, in resolve
    for pattern in self.url_patterns:
  File "/home/hightech/virtualenv/project22.quantumcoresoftware.com/home/3.10/lib/python3.10/site-packages/django/utils/functional.py", line 47, in __get__
    res = instance.__dict__[self.name] = self.func(instance)
  File "/home/hightech/virtualenv/project22.quantumcoresoftware.com/home/3.10/lib/python3.10/site-packages/django/urls/resolvers.py", line 718, in url_patterns
    patterns = getattr(self.urlconf_module, "urlpatterns", self.urlconf_module)
  File "/home/hightech/virtualenv/project22.quantumcoresoftware.com/home/3.10/lib/python3.10/site-packages/django/utils/functional.py", line 47, in __get__
    res = instance.__dict__[self.name] = self.func(instance)
  File "/home/hightech/virtualenv/project22.quantumcoresoftware.com/home/3.10/lib/python3.10/site-packages/django/urls/resolvers.py", line 711, in urlconf_module
    return import_module(self.urlconf_name)
  File "/opt/alt/python310/lib64/python3.10/importlib/__init__.py", line 126, in import_module
    return _bootstrap._gcd_import(name[level:], package, level)
  File "<frozen importlib._bootstrap>", line 1050, in _gcd_import
  File "<frozen importlib._bootstrap>", line 1027, in _find_and_load
  File "<frozen importlib._bootstrap>", line 1006, in _find_and_load_unlocked
  File "<frozen importlib._bootstrap>", line 688, in _load_unlocked
  File "<frozen importlib._bootstrap_external>", line 883, in exec_module
  File "<frozen importlib._bootstrap>", line 241, in _call_with_frames_removed
  File "/home/hightech/project22.quantumcoresoftware.com/home/home/urls.py", line 24, in <module>
    path("",include('main.urls'))
  File "/home/hightech/virtualenv/project22.quantumcoresoftware.com/home/3.10/lib/python3.10/site-packages/django/urls/conf.py", line 39, in include
    urlconf_module = import_module(urlconf_module)
  File "/opt/alt/python310/lib64/python3.10/importlib/__init__.py", line 126, in import_module
    return _bootstrap._gcd_import(name[level:], package, level)
  File "<frozen importlib._bootstrap>", line 1050, in _gcd_import
  File "<frozen importlib._bootstrap>", line 1027, in _find_and_load
  File "<frozen importlib._bootstrap>", line 1006, in _find_and_load_unlocked
  File "<frozen importlib._bootstrap>", line 688, in _load_unlocked
  File "<frozen importlib._bootstrap_external>", line 883, in exec_module
  File "<frozen importlib._bootstrap>", line 241, in _call_with_frames_removed
  File "/home/hightech/project22.quantumcoresoftware.com/home/main/urls.py", line 14, in <module>
    path('general-construction/', views.general_construction, name='general_construction'),
NameError: name 'views' is not defined

During handling of the above exception, another exception occurred:

Traceback (most recent call last):
  File "/home/hightech/virtualenv/project22.quantumcoresoftware.com/home/3.10/lib/python3.10/site-packages/django/core/handlers/exception.py", line 55, in inner
    response = get_response(request)
  File "/home/hightech/virtualenv/project22.quantumcoresoftware.com/home/3.10/lib/python3.10/site-packages/django/utils/deprecation.py", line 120, in __call__
    response = response or self.get_response(request)
  File "/home/hightech/virtualenv/project22.quantumcoresoftware.com/home/3.10/lib/python3.10/site-packages/django/core/handlers/exception.py", line 57, in inner
    response = response_for_exception(request, exc)
  File "/home/hightech/virtualenv/project22.quantumcoresoftware.com/home/3.10/lib/python3.10/site-packages/django/core/handlers/exception.py", line 141, in response_for_exception
    response = handle_uncaught_exception(
  File "/home/hightech/virtualenv/project22.quantumcoresoftware.com/home/3.10/lib/python3.10/site-packages/django/core/handlers/exception.py", line 182, in handle_uncaught_exception
    return debug.technical_500_response(request, *exc_info)
  File "/home/hightech/virtualenv/project22.quantumcoresoftware.com/home/3.10/lib/python3.10/site-packages/django/views/debug.py", line 69, in technical_500_response
    html = reporter.get_traceback_html()
  File "/home/hightech/virtualenv/project22.quantumcoresoftware.com/home/3.10/lib/python3.10/site-packages/django/views/debug.py", line 428, in get_traceback_html
    c = Context(self.get_traceback_data(), use_l10n=False)
  File "/home/hightech/virtualenv/project22.quantumcoresoftware.com/home/3.10/lib/python3.10/site-packages/django/views/debug.py", line 411, in get_traceback_data
    c["raising_view_name"] = get_caller(self.request)
  File "/home/hightech/virtualenv/project22.quantumcoresoftware.com/home/3.10/lib/python3.10/site-packages/django/views/debug.py", line 102, in get_caller
    resolver_match = resolve(request.path)
  File "/home/hightech/virtualenv/project22.quantumcoresoftware.com/home/3.10/lib/python3.10/site-packages/django/urls/base.py", line 25, in resolve
    return get_resolver(urlconf).resolve(path)
  File "/home/hightech/virtualenv/project22.quantumcoresoftware.com/home/3.10/lib/python3.10/site-packages/django/urls/resolvers.py", line 666, in resolve
    for pattern in self.url_patterns:
  File "/home/hightech/virtualenv/project22.quantumcoresoftware.com/home/3.10/lib/python3.10/site-packages/django/utils/functional.py", line 47, in __get__
    res = instance.__dict__[self.name] = self.func(instance)
  File "/home/hightech/virtualenv/project22.quantumcoresoftware.com/home/3.10/lib/python3.10/site-packages/django/urls/resolvers.py", line 718, in url_patterns
    patterns = getattr(self.urlconf_module, "urlpatterns", self.urlconf_module)
  File "/home/hightech/virtualenv/project22.quantumcoresoftware.com/home/3.10/lib/python3.10/site-packages/django/utils/functional.py", line 47, in __get__
    res = instance.__dict__[self.name] = self.func(instance)
  File "/home/hightech/virtualenv/project22.quantumcoresoftware.com/home/3.10/lib/python3.10/site-packages/django/urls/resolvers.py", line 711, in urlconf_module
    return import_module(self.urlconf_name)
  File "/opt/alt/python310/lib64/python3.10/importlib/__init__.py", line 126, in import_module
    return _bootstrap._gcd_import(name[level:], package, level)
  File "<frozen importlib._bootstrap>", line 1050, in _gcd_import
  File "<frozen importlib._bootstrap>", line 1027, in _find_and_load
  File "<frozen importlib._bootstrap>", line 1006, in _find_and_load_unlocked
  File "<frozen importlib._bootstrap>", line 688, in _load_unlocked
  File "<frozen importlib._bootstrap_external>", line 883, in exec_module
  File "<frozen importlib._bootstrap>", line 241, in _call_with_frames_removed
  File "/home/hightech/project22.quantumcoresoftware.com/home/home/urls.py", line 24, in <module>
    path("",include('main.urls'))
  File "/home/hightech/virtualenv/project22.quantumcoresoftware.com/home/3.10/lib/python3.10/site-packages/django/urls/conf.py", line 39, in include
    urlconf_module = import_module(urlconf_module)
  File "/opt/alt/python310/lib64/python3.10/importlib/__init__.py", line 126, in import_module
    return _bootstrap._gcd_import(name[level:], package, level)
  File "<frozen importlib._bootstrap>", line 1050, in _gcd_import
  File "<frozen importlib._bootstrap>", line 1027, in _find_and_load
  File "<frozen importlib._bootstrap>", line 1006, in _find_and_load_unlocked
  File "<frozen importlib._bootstrap>", line 688, in _load_unlocked
  File "<frozen importlib._bootstrap_external>", line 883, in exec_module
  File "<frozen importlib._bootstrap>", line 241, in _call_with_frames_removed
  File "/home/hightech/project22.quantumcoresoftware.com/home/main/urls.py", line 14, in <module>
    path('general-construction/', views.general_construction, name='general_construction'),
NameError: name 'views' is not defined

During handling of the above exception, another exception occurred:

Traceback (most recent call last):
  File "/home/hightech/virtualenv/project22.quantumcoresoftware.com/home/3.10/lib/python3.10/site-packages/django/core/handlers/exception.py", line 55, in inner
    response = get_response(request)
  File "/home/hightech/virtualenv/project22.quantumcoresoftware.com/home/3.10/lib/python3.10/site-packages/django/utils/deprecation.py", line 120, in __call__
    response = response or self.get_response(request)
  File "/home/hightech/virtualenv/project22.quantumcoresoftware.com/home/3.10/lib/python3.10/site-packages/django/core/handlers/exception.py", line 57, in inner
    response = response_for_exception(request, exc)
  File "/home/hightech/virtualenv/project22.quantumcoresoftware.com/home/3.10/lib/python3.10/site-packages/django/core/handlers/exception.py", line 141, in response_for_exception
    response = handle_uncaught_exception(
  File "/home/hightech/virtualenv/project22.quantumcoresoftware.com/home/3.10/lib/python3.10/site-packages/django/core/handlers/exception.py", line 182, in handle_uncaught_exception
    return debug.technical_500_response(request, *exc_info)
  File "/home/hightech/virtualenv/project22.quantumcoresoftware.com/home/3.10/lib/python3.10/site-packages/django/views/debug.py", line 69, in technical_500_response
    html = reporter.get_traceback_html()
  File "/home/hightech/virtualenv/project22.quantumcoresoftware.com/home/3.10/lib/python3.10/site-packages/django/views/debug.py", line 428, in get_traceback_html
    c = Context(self.get_traceback_data(), use_l10n=False)
  File "/home/hightech/virtualenv/project22.quantumcoresoftware.com/home/3.10/lib/python3.10/site-packages/django/views/debug.py", line 411, in get_traceback_data
    c["raising_view_name"] = get_caller(self.request)
  File "/home/hightech/virtualenv/project22.quantumcoresoftware.com/home/3.10/lib/python3.10/site-packages/django/views/debug.py", line 102, in get_caller
    resolver_match = resolve(request.path)
  File "/home/hightech/virtualenv/project22.quantumcoresoftware.com/home/3.10/lib/python3.10/site-packages/django/urls/base.py", line 25, in resolve
    return get_resolver(urlconf).resolve(path)
  File "/home/hightech/virtualenv/project22.quantumcoresoftware.com/home/3.10/lib/python3.10/site-packages/django/urls/resolvers.py", line 666, in resolve
    for pattern in self.url_patterns:
  File "/home/hightech/virtualenv/project22.quantumcoresoftware.com/home/3.10/lib/python3.10/site-packages/django/utils/functional.py", line 47, in __get__
    res = instance.__dict__[self.name] = self.func(instance)
  File "/home/hightech/virtualenv/project22.quantumcoresoftware.com/home/3.10/lib/python3.10/site-packages/django/urls/resolvers.py", line 718, in url_patterns
    patterns = getattr(self.urlconf_module, "urlpatterns", self.urlconf_module)
  File "/home/hightech/virtualenv/project22.quantumcoresoftware.com/home/3.10/lib/python3.10/site-packages/django/utils/functional.py", line 47, in __get__
    res = instance.__dict__[self.name] = self.func(instance)
  File "/home/hightech/virtualenv/project22.quantumcoresoftware.com/home/3.10/lib/python3.10/site-packages/django/urls/resolvers.py", line 711, in urlconf_module
    return import_module(self.urlconf_name)
  File "/opt/alt/python310/lib64/python3.10/importlib/__init__.py", line 126, in import_module
    return _bootstrap._gcd_import(name[level:], package, level)
  File "<frozen importlib._bootstrap>", line 1050, in _gcd_import
  File "<frozen importlib._bootstrap>", line 1027, in _find_and_load
  File "<frozen importlib._bootstrap>", line 1006, in _find_and_load_unlocked
  File "<frozen importlib._bootstrap>", line 688, in _load_unlocked
  File "<frozen importlib._bootstrap_external>", line 883, in exec_module
  File "<frozen importlib._bootstrap>", line 241, in _call_with_frames_removed
  File "/home/hightech/project22.quantumcoresoftware.com/home/home/urls.py", line 24, in <module>
    path("",include('main.urls'))
  File "/home/hightech/virtualenv/project22.quantumcoresoftware.com/home/3.10/lib/python3.10/site-packages/django/urls/conf.py", line 39, in include
    urlconf_module = import_module(urlconf_module)
  File "/opt/alt/python310/lib64/python3.10/importlib/__init__.py", line 126, in import_module
    return _bootstrap._gcd_import(name[level:], package, level)
  File "<frozen importlib._bootstrap>", line 1050, in _gcd_import
  File "<frozen importlib._bootstrap>", line 1027, in _find_and_load
  File "<frozen importlib._bootstrap>", line 1006, in _find_and_load_unlocked
  File "<frozen importlib._bootstrap>", line 688, in _load_unlocked
  File "<frozen importlib._bootstrap_external>", line 883, in exec_module
  File "<frozen importlib._bootstrap>", line 241, in _call_with_frames_removed
  File "/home/hightech/project22.quantumcoresoftware.com/home/main/urls.py", line 14, in <module>
    path('general-construction/', views.general_construction, name='general_construction'),
NameError: name 'views' is not defined

During handling of the above exception, another exception occurred:

Traceback (most recent call last):
  File "/home/hightech/virtualenv/project22.quantumcoresoftware.com/home/3.10/lib/python3.10/site-packages/django/core/handlers/exception.py", line 55, in inner
    response = get_response(request)
  File "/home/hightech/virtualenv/project22.quantumcoresoftware.com/home/3.10/lib/python3.10/site-packages/django/utils/deprecation.py", line 120, in __call__
    response = response or self.get_response(request)
  File "/home/hightech/virtualenv/project22.quantumcoresoftware.com/home/3.10/lib/python3.10/site-packages/django/core/handlers/exception.py", line 57, in inner
    response = response_for_exception(request, exc)
  File "/home/hightech/virtualenv/project22.quantumcoresoftware.com/home/3.10/lib/python3.10/site-packages/django/core/handlers/exception.py", line 141, in response_for_exception
    response = handle_uncaught_exception(
  File "/home/hightech/virtualenv/project22.quantumcoresoftware.com/home/3.10/lib/python3.10/site-packages/django/core/handlers/exception.py", line 182, in handle_uncaught_exception
    return debug.technical_500_response(request, *exc_info)
  File "/home/hightech/virtualenv/project22.quantumcoresoftware.com/home/3.10/lib/python3.10/site-packages/django/views/debug.py", line 69, in technical_500_response
    html = reporter.get_traceback_html()
  File "/home/hightech/virtualenv/project22.quantumcoresoftware.com/home/3.10/lib/python3.10/site-packages/django/views/debug.py", line 428, in get_traceback_html
    c = Context(self.get_traceback_data(), use_l10n=False)
  File "/home/hightech/virtualenv/project22.quantumcoresoftware.com/home/3.10/lib/python3.10/site-packages/django/views/debug.py", line 411, in get_traceback_data
    c["raising_view_name"] = get_caller(self.request)
  File "/home/hightech/virtualenv/project22.quantumcoresoftware.com/home/3.10/lib/python3.10/site-packages/django/views/debug.py", line 102, in get_caller
    resolver_match = resolve(request.path)
  File "/home/hightech/virtualenv/project22.quantumcoresoftware.com/home/3.10/lib/python3.10/site-packages/django/urls/base.py", line 25, in resolve
    return get_resolver(urlconf).resolve(path)
  File "/home/hightech/virtualenv/project22.quantumcoresoftware.com/home/3.10/lib/python3.10/site-packages/django/urls/resolvers.py", line 666, in resolve
    for pattern in self.url_patterns:
  File "/home/hightech/virtualenv/project22.quantumcoresoftware.com/home/3.10/lib/python3.10/site-packages/django/utils/functional.py", line 47, in __get__
    res = instance.__dict__[self.name] = self.func(instance)
  File "/home/hightech/virtualenv/project22.quantumcoresoftware.com/home/3.10/lib/python3.10/site-packages/django/urls/resolvers.py", line 718, in url_patterns
    patterns = getattr(self.urlconf_module, "urlpatterns", self.urlconf_module)
  File "/home/hightech/virtualenv/project22.quantumcoresoftware.com/home/3.10/lib/python3.10/site-packages/django/utils/functional.py", line 47, in __get__
    res = instance.__dict__[self.name] = self.func(instance)
  File "/home/hightech/virtualenv/project22.quantumcoresoftware.com/home/3.10/lib/python3.10/site-packages/django/urls/resolvers.py", line 711, in urlconf_module
    return import_module(self.urlconf_name)
  File "/opt/alt/python310/lib64/python3.10/importlib/__init__.py", line 126, in import_module
    return _bootstrap._gcd_import(name[level:], package, level)
  File "<frozen importlib._bootstrap>", line 1050, in _gcd_import
  File "<frozen importlib._bootstrap>", line 1027, in _find_and_load
  File "<frozen importlib._bootstrap>", line 1006, in _find_and_load_unlocked
  File "<frozen importlib._bootstrap>", line 688, in _load_unlocked
  File "<frozen importlib._bootstrap_external>", line 883, in exec_module
  File "<frozen importlib._bootstrap>", line 241, in _call_with_frames_removed
  File "/home/hightech/project22.quantumcoresoftware.com/home/home/urls.py", line 24, in <module>
    path("",include('main.urls'))
  File "/home/hightech/virtualenv/project22.quantumcoresoftware.com/home/3.10/lib/python3.10/site-packages/django/urls/conf.py", line 39, in include
    urlconf_module = import_module(urlconf_module)
  File "/opt/alt/python310/lib64/python3.10/importlib/__init__.py", line 126, in import_module
    return _bootstrap._gcd_import(name[level:], package, level)
  File "<frozen importlib._bootstrap>", line 1050, in _gcd_import
  File "<frozen importlib._bootstrap>", line 1027, in _find_and_load
  File "<frozen importlib._bootstrap>", line 1006, in _find_and_load_unlocked
  File "<frozen importlib._bootstrap>", line 688, in _load_unlocked
  File "<frozen importlib._bootstrap_external>", line 883, in exec_module
  File "<frozen importlib._bootstrap>", line 241, in _call_with_frames_removed
  File "/home/hightech/project22.quantumcoresoftware.com/home/main/urls.py", line 14, in <module>
    path('general-construction/', views.general_construction, name='general_construction'),
NameError: name 'views' is not defined

During handling of the above exception, another exception occurred:

Traceback (most recent call last):
  File "/home/hightech/virtualenv/project22.quantumcoresoftware.com/home/3.10/lib/python3.10/site-packages/django/core/handlers/exception.py", line 55, in inner
    response = get_response(request)
  File "/home/hightech/virtualenv/project22.quantumcoresoftware.com/home/3.10/lib/python3.10/site-packages/django/utils/deprecation.py", line 120, in __call__
    response = response or self.get_response(request)
  File "/home/hightech/virtualenv/project22.quantumcoresoftware.com/home/3.10/lib/python3.10/site-packages/django/core/handlers/exception.py", line 57, in inner
    response = response_for_exception(request, exc)
  File "/home/hightech/virtualenv/project22.quantumcoresoftware.com/home/3.10/lib/python3.10/site-packages/django/core/handlers/exception.py", line 141, in response_for_exception
    response = handle_uncaught_exception(
  File "/home/hightech/virtualenv/project22.quantumcoresoftware.com/home/3.10/lib/python3.10/site-packages/django/core/handlers/exception.py", line 182, in handle_uncaught_exception
    return debug.technical_500_response(request, *exc_info)
  File "/home/hightech/virtualenv/project22.quantumcoresoftware.com/home/3.10/lib/python3.10/site-packages/django/views/debug.py", line 69, in technical_500_response
    html = reporter.get_traceback_html()
  File "/home/hightech/virtualenv/project22.quantumcoresoftware.com/home/3.10/lib/python3.10/site-packages/django/views/debug.py", line 428, in get_traceback_html
    c = Context(self.get_traceback_data(), use_l10n=False)
  File "/home/hightech/virtualenv/project22.quantumcoresoftware.com/home/3.10/lib/python3.10/site-packages/django/views/debug.py", line 411, in get_traceback_data
    c["raising_view_name"] = get_caller(self.request)
  File "/home/hightech/virtualenv/project22.quantumcoresoftware.com/home/3.10/lib/python3.10/site-packages/django/views/debug.py", line 102, in get_caller
    resolver_match = resolve(request.path)
  File "/home/hightech/virtualenv/project22.quantumcoresoftware.com/home/3.10/lib/python3.10/site-packages/django/urls/base.py", line 25, in resolve
    return get_resolver(urlconf).resolve(path)
  File "/home/hightech/virtualenv/project22.quantumcoresoftware.com/home/3.10/lib/python3.10/site-packages/django/urls/resolvers.py", line 666, in resolve
    for pattern in self.url_patterns:
  File "/home/hightech/virtualenv/project22.quantumcoresoftware.com/home/3.10/lib/python3.10/site-packages/django/utils/functional.py", line 47, in __get__
    res = instance.__dict__[self.name] = self.func(instance)
  File "/home/hightech/virtualenv/project22.quantumcoresoftware.com/home/3.10/lib/python3.10/site-packages/django/urls/resolvers.py", line 718, in url_patterns
    patterns = getattr(self.urlconf_module, "urlpatterns", self.urlconf_module)
  File "/home/hightech/virtualenv/project22.quantumcoresoftware.com/home/3.10/lib/python3.10/site-packages/django/utils/functional.py", line 47, in __get__
    res = instance.__dict__[self.name] = self.func(instance)
  File "/home/hightech/virtualenv/project22.quantumcoresoftware.com/home/3.10/lib/python3.10/site-packages/django/urls/resolvers.py", line 711, in urlconf_module
    return import_module(self.urlconf_name)
  File "/opt/alt/python310/lib64/python3.10/importlib/__init__.py", line 126, in import_module
    return _bootstrap._gcd_import(name[level:], package, level)
  File "<frozen importlib._bootstrap>", line 1050, in _gcd_import
  File "<frozen importlib._bootstrap>", line 1027, in _find_and_load
  File "<frozen importlib._bootstrap>", line 1006, in _find_and_load_unlocked
  File "<frozen importlib._bootstrap>", line 688, in _load_unlocked
  File "<frozen importlib._bootstrap_external>", line 883, in exec_module
  File "<frozen importlib._bootstrap>", line 241, in _call_with_frames_removed
  File "/home/hightech/project22.quantumcoresoftware.com/home/home/urls.py", line 24, in <module>
    path("",include('main.urls'))
  File "/home/hightech/virtualenv/project22.quantumcoresoftware.com/home/3.10/lib/python3.10/site-packages/django/urls/conf.py", line 39, in include
    urlconf_module = import_module(urlconf_module)
  File "/opt/alt/python310/lib64/python3.10/importlib/__init__.py", line 126, in import_module
    return _bootstrap._gcd_import(name[level:], package, level)
  File "<frozen importlib._bootstrap>", line 1050, in _gcd_import
  File "<frozen importlib._bootstrap>", line 1027, in _find_and_load
  File "<frozen importlib._bootstrap>", line 1006, in _find_and_load_unlocked
  File "<frozen importlib._bootstrap>", line 688, in _load_unlocked
  File "<frozen importlib._bootstrap_external>", line 883, in exec_module
  File "<frozen importlib._bootstrap>", line 241, in _call_with_frames_removed
  File "/home/hightech/project22.quantumcoresoftware.com/home/main/urls.py", line 14, in <module>
    path('general-construction/', views.general_construction, name='general_construction'),
NameError: name 'views' is not defined

During handling of the above exception, another exception occurred:

Traceback (most recent call last):
  File "/home/hightech/virtualenv/project22.quantumcoresoftware.com/home/3.10/lib/python3.10/site-packages/django/core/handlers/exception.py", line 55, in inner
    response = get_response(request)
  File "/home/hightech/virtualenv/project22.quantumcoresoftware.com/home/3.10/lib/python3.10/site-packages/django/utils/deprecation.py", line 120, in __call__
    response = response or self.get_response(request)
  File "/home/hightech/virtualenv/project22.quantumcoresoftware.com/home/3.10/lib/python3.10/site-packages/django/core/handlers/exception.py", line 57, in inner
    response = response_for_exception(request, exc)
  File "/home/hightech/virtualenv/project22.quantumcoresoftware.com/home/3.10/lib/python3.10/site-packages/django/core/handlers/exception.py", line 141, in response_for_exception
    response = handle_uncaught_exception(
  File "/home/hightech/virtualenv/project22.quantumcoresoftware.com/home/3.10/lib/python3.10/site-packages/django/core/handlers/exception.py", line 182, in handle_uncaught_exception
    return debug.technical_500_response(request, *exc_info)
  File "/home/hightech/virtualenv/project22.quantumcoresoftware.com/home/3.10/lib/python3.10/site-packages/django/views/debug.py", line 69, in technical_500_response
    html = reporter.get_traceback_html()
  File "/home/hightech/virtualenv/project22.quantumcoresoftware.com/home/3.10/lib/python3.10/site-packages/django/views/debug.py", line 428, in get_traceback_html
    c = Context(self.get_traceback_data(), use_l10n=False)
  File "/home/hightech/virtualenv/project22.quantumcoresoftware.com/home/3.10/lib/python3.10/site-packages/django/views/debug.py", line 411, in get_traceback_data
    c["raising_view_name"] = get_caller(self.request)
  File "/home/hightech/virtualenv/project22.quantumcoresoftware.com/home/3.10/lib/python3.10/site-packages/django/views/debug.py", line 102, in get_caller
    resolver_match = resolve(request.path)
  File "/home/hightech/virtualenv/project22.quantumcoresoftware.com/home/3.10/lib/python3.10/site-packages/django/urls/base.py", line 25, in resolve
    return get_resolver(urlconf).resolve(path)
  File "/home/hightech/virtualenv/project22.quantumcoresoftware.com/home/3.10/lib/python3.10/site-packages/django/urls/resolvers.py", line 666, in resolve
    for pattern in self.url_patterns:
  File "/home/hightech/virtualenv/project22.quantumcoresoftware.com/home/3.10/lib/python3.10/site-packages/django/utils/functional.py", line 47, in __get__
    res = instance.__dict__[self.name] = self.func(instance)
  File "/home/hightech/virtualenv/project22.quantumcoresoftware.com/home/3.10/lib/python3.10/site-packages/django/urls/resolvers.py", line 718, in url_patterns
    patterns = getattr(self.urlconf_module, "urlpatterns", self.urlconf_module)
  File "/home/hightech/virtualenv/project22.quantumcoresoftware.com/home/3.10/lib/python3.10/site-packages/django/utils/functional.py", line 47, in __get__
    res = instance.__dict__[self.name] = self.func(instance)
  File "/home/hightech/virtualenv/project22.quantumcoresoftware.com/home/3.10/lib/python3.10/site-packages/django/urls/resolvers.py", line 711, in urlconf_module
    return import_module(self.urlconf_name)
  File "/opt/alt/python310/lib64/python3.10/importlib/__init__.py", line 126, in import_module
    return _bootstrap._gcd_import(name[level:], package, level)
  File "<frozen importlib._bootstrap>", line 1050, in _gcd_import
  File "<frozen importlib._bootstrap>", line 1027, in _find_and_load
  File "<frozen importlib._bootstrap>", line 1006, in _find_and_load_unlocked
  File "<frozen importlib._bootstrap>", line 688, in _load_unlocked
  File "<frozen importlib._bootstrap_external>", line 883, in exec_module
  File "<frozen importlib._bootstrap>", line 241, in _call_with_frames_removed
  File "/home/hightech/project22.quantumcoresoftware.com/home/home/urls.py", line 24, in <module>
    path("",include('main.urls'))
  File "/home/hightech/virtualenv/project22.quantumcoresoftware.com/home/3.10/lib/python3.10/site-packages/django/urls/conf.py", line 39, in include
    urlconf_module = import_module(urlconf_module)
  File "/opt/alt/python310/lib64/python3.10/importlib/__init__.py", line 126, in import_module
    return _bootstrap._gcd_import(name[level:], package, level)
  File "<frozen importlib._bootstrap>", line 1050, in _gcd_import
  File "<frozen importlib._bootstrap>", line 1027, in _find_and_load
  File "<frozen importlib._bootstrap>", line 1006, in _find_and_load_unlocked
  File "<frozen importlib._bootstrap>", line 688, in _load_unlocked
  File "<frozen importlib._bootstrap_external>", line 883, in exec_module
  File "<frozen importlib._bootstrap>", line 241, in _call_with_frames_removed
  File "/home/hightech/project22.quantumcoresoftware.com/home/main/urls.py", line 14, in <module>
    path('general-construction/', views.general_construction, name='general_construction'),
NameError: name 'views' is not defined

During handling of the above exception, another exception occurred:

Traceback (most recent call last):
  File "/home/hightech/virtualenv/project22.quantumcoresoftware.com/home/3.10/lib/python3.10/site-packages/django/core/handlers/exception.py", line 55, in inner
    response = get_response(request)
  File "/home/hightech/virtualenv/project22.quantumcoresoftware.com/home/3.10/lib/python3.10/site-packages/django/utils/deprecation.py", line 120, in __call__
    response = response or self.get_response(request)
  File "/home/hightech/virtualenv/project22.quantumcoresoftware.com/home/3.10/lib/python3.10/site-packages/django/core/handlers/exception.py", line 57, in inner
    response = response_for_exception(request, exc)
  File "/home/hightech/virtualenv/project22.quantumcoresoftware.com/home/3.10/lib/python3.10/site-packages/django/core/handlers/exception.py", line 141, in response_for_exception
    response = handle_uncaught_exception(
  File "/home/hightech/virtualenv/project22.quantumcoresoftware.com/home/3.10/lib/python3.10/site-packages/django/core/handlers/exception.py", line 182, in handle_uncaught_exception
    return debug.technical_500_response(request, *exc_info)
  File "/home/hightech/virtualenv/project22.quantumcoresoftware.com/home/3.10/lib/python3.10/site-packages/django/views/debug.py", line 69, in technical_500_response
    html = reporter.get_traceback_html()
  File "/home/hightech/virtualenv/project22.quantumcoresoftware.com/home/3.10/lib/python3.10/site-packages/django/views/debug.py", line 428, in get_traceback_html
    c = Context(self.get_traceback_data(), use_l10n=False)
  File "/home/hightech/virtualenv/project22.quantumcoresoftware.com/home/3.10/lib/python3.10/site-packages/django/views/debug.py", line 411, in get_traceback_data
    c["raising_view_name"] = get_caller(self.request)
  File "/home/hightech/virtualenv/project22.quantumcoresoftware.com/home/3.10/lib/python3.10/site-packages/django/views/debug.py", line 102, in get_caller
    resolver_match = resolve(request.path)
  File "/home/hightech/virtualenv/project22.quantumcoresoftware.com/home/3.10/lib/python3.10/site-packages/django/urls/base.py", line 25, in resolve
    return get_resolver(urlconf).resolve(path)
  File "/home/hightech/virtualenv/project22.quantumcoresoftware.com/home/3.10/lib/python3.10/site-packages/django/urls/resolvers.py", line 666, in resolve
    for pattern in self.url_patterns:
  File "/home/hightech/virtualenv/project22.quantumcoresoftware.com/home/3.10/lib/python3.10/site-packages/django/utils/functional.py", line 47, in __get__
    res = instance.__dict__[self.name] = self.func(instance)
  File "/home/hightech/virtualenv/project22.quantumcoresoftware.com/home/3.10/lib/python3.10/site-packages/django/urls/resolvers.py", line 718, in url_patterns
    patterns = getattr(self.urlconf_module, "urlpatterns", self.urlconf_module)
  File "/home/hightech/virtualenv/project22.quantumcoresoftware.com/home/3.10/lib/python3.10/site-packages/django/utils/functional.py", line 47, in __get__
    res = instance.__dict__[self.name] = self.func(instance)
  File "/home/hightech/virtualenv/project22.quantumcoresoftware.com/home/3.10/lib/python3.10/site-packages/django/urls/resolvers.py", line 711, in urlconf_module
    return import_module(self.urlconf_name)
  File "/opt/alt/python310/lib64/python3.10/importlib/__init__.py", line 126, in import_module
    return _bootstrap._gcd_import(name[level:], package, level)
  File "<frozen importlib._bootstrap>", line 1050, in _gcd_import
  File "<frozen importlib._bootstrap>", line 1027, in _find_and_load
  File "<frozen importlib._bootstrap>", line 1006, in _find_and_load_unlocked
  File "<frozen importlib._bootstrap>", line 688, in _load_unlocked
  File "<frozen importlib._bootstrap_external>", line 883, in exec_module
  File "<frozen importlib._bootstrap>", line 241, in _call_with_frames_removed
  File "/home/hightech/project22.quantumcoresoftware.com/home/home/urls.py", line 24, in <module>
    path("",include('main.urls'))
  File "/home/hightech/virtualenv/project22.quantumcoresoftware.com/home/3.10/lib/python3.10/site-packages/django/urls/conf.py", line 39, in include
    urlconf_module = import_module(urlconf_module)
  File "/opt/alt/python310/lib64/python3.10/importlib/__init__.py", line 126, in import_module
    return _bootstrap._gcd_import(name[level:], package, level)
  File "<frozen importlib._bootstrap>", line 1050, in _gcd_import
  File "<frozen importlib._bootstrap>", line 1027, in _find_and_load
  File "<frozen importlib._bootstrap>", line 1006, in _find_and_load_unlocked
  File "<frozen importlib._bootstrap>", line 688, in _load_unlocked
  File "<frozen importlib._bootstrap_external>", line 883, in exec_module
  File "<frozen importlib._bootstrap>", line 241, in _call_with_frames_removed
  File "/home/hightech/project22.quantumcoresoftware.com/home/main/urls.py", line 14, in <module>
    path('general-construction/', views.general_construction, name='general_construction'),
NameError: name 'views' is not defined

During handling of the above exception, another exception occurred:

Traceback (most recent call last):
  File "/home/hightech/virtualenv/project22.quantumcoresoftware.com/home/3.10/lib/python3.10/site-packages/django/core/handlers/wsgi.py", line 124, in __call__
    response = self.get_response(request)
  File "/home/hightech/virtualenv/project22.quantumcoresoftware.com/home/3.10/lib/python3.10/site-packages/django/core/handlers/base.py", line 140, in get_response
    response = self._middleware_chain(request)
  File "/home/hightech/virtualenv/project22.quantumcoresoftware.com/home/3.10/lib/python3.10/site-packages/django/core/handlers/exception.py", line 57, in inner
    response = response_for_exception(request, exc)
  File "/home/hightech/virtualenv/project22.quantumcoresoftware.com/home/3.10/lib/python3.10/site-packages/django/core/handlers/exception.py", line 141, in response_for_exception
    response = handle_uncaught_exception(
  File "/home/hightech/virtualenv/project22.quantumcoresoftware.com/home/3.10/lib/python3.10/site-packages/django/core/handlers/exception.py", line 182, in handle_uncaught_exception
    return debug.technical_500_response(request, *exc_info)
  File "/home/hightech/virtualenv/project22.quantumcoresoftware.com/home/3.10/lib/python3.10/site-packages/django/views/debug.py", line 69, in technical_500_response
    html = reporter.get_traceback_html()
  File "/home/hightech/virtualenv/project22.quantumcoresoftware.com/home/3.10/lib/python3.10/site-packages/django/views/debug.py", line 428, in get_traceback_html
    c = Context(self.get_traceback_data(), use_l10n=False)
  File "/home/hightech/virtualenv/project22.quantumcoresoftware.com/home/3.10/lib/python3.10/site-packages/django/views/debug.py", line 411, in get_traceback_data
    c["raising_view_name"] = get_caller(self.request)
  File "/home/hightech/virtualenv/project22.quantumcoresoftware.com/home/3.10/lib/python3.10/site-packages/django/views/debug.py", line 102, in get_caller
    resolver_match = resolve(request.path)
  File "/home/hightech/virtualenv/project22.quantumcoresoftware.com/home/3.10/lib/python3.10/site-packages/django/urls/base.py", line 25, in resolve
    return get_resolver(urlconf).resolve(path)
  File "/home/hightech/virtualenv/project22.quantumcoresoftware.com/home/3.10/lib/python3.10/site-packages/django/urls/resolvers.py", line 666, in resolve
    for pattern in self.url_patterns:
  File "/home/hightech/virtualenv/project22.quantumcoresoftware.com/home/3.10/lib/python3.10/site-packages/django/utils/functional.py", line 47, in __get__
    res = instance.__dict__[self.name] = self.func(instance)
  File "/home/hightech/virtualenv/project22.quantumcoresoftware.com/home/3.10/lib/python3.10/site-packages/django/urls/resolvers.py", line 718, in url_patterns
    patterns = getattr(self.urlconf_module, "urlpatterns", self.urlconf_module)
  File "/home/hightech/virtualenv/project22.quantumcoresoftware.com/home/3.10/lib/python3.10/site-packages/django/utils/functional.py", line 47, in __get__
    res = instance.__dict__[self.name] = self.func(instance)
  File "/home/hightech/virtualenv/project22.quantumcoresoftware.com/home/3.10/lib/python3.10/site-packages/django/urls/resolvers.py", line 711, in urlconf_module
    return import_module(self.urlconf_name)
  File "/opt/alt/python310/lib64/python3.10/importlib/__init__.py", line 126, in import_module
    return _bootstrap._gcd_import(name[level:], package, level)
  File "<frozen importlib._bootstrap>", line 1050, in _gcd_import
  File "<frozen importlib._bootstrap>", line 1027, in _find_and_load
  File "<frozen importlib._bootstrap>", line 1006, in _find_and_load_unlocked
  File "<frozen importlib._bootstrap>", line 688, in _load_unlocked
  File "<frozen importlib._bootstrap_external>", line 883, in exec_module
  File "<frozen importlib._bootstrap>", line 241, in _call_with_frames_removed
  File "/home/hightech/project22.quantumcoresoftware.com/home/home/urls.py", line 24, in <module>
    path("",include('main.urls'))
  File "/home/hightech/virtualenv/project22.quantumcoresoftware.com/home/3.10/lib/python3.10/site-packages/django/urls/conf.py", line 39, in include
    urlconf_module = import_module(urlconf_module)
  File "/opt/alt/python310/lib64/python3.10/importlib/__init__.py", line 126, in import_module
    return _bootstrap._gcd_import(name[level:], package, level)
  File "<frozen importlib._bootstrap>", line 1050, in _gcd_import
  File "<frozen importlib._bootstrap>", line 1027, in _find_and_load
  File "<frozen importlib._bootstrap>", line 1006, in _find_and_load_unlocked
  File "<frozen importlib._bootstrap>", line 688, in _load_unlocked
  File "<frozen importlib._bootstrap_external>", line 883, in exec_module
  File "<frozen importlib._bootstrap>", line 241, in _call_with_frames_removed
  File "/home/hightech/project22.quantumcoresoftware.com/home/main/urls.py", line 14, in <module>
    path('general-construction/', views.general_construction, name='general_construction'),
NameError: name 'views' is not defined
Not Found: /favicon.ico
Not Found: /favicon.ico
Not Found: /favicon.ico
Not Found: /favicon.ico
Not Found: /favicon.ico
Not Found: /favicon.ico
Not Found: /static/img/fire-alarm-detail.jpg
Not Found: /static/img/fire-alarm-hero.jpg
Not Found: /static/img/fire-alarm-detail.jpg
Not Found: /static/img/fire-alarm-hero.jpg
Not Found: /favicon.ico
Not Found: /favicon.ico
Not Found: /favicon.ico
Not Found: /favicon.ico
Not Found: /favicon.ico
Not Found: /static/img/design-build-detail.jpg
Not Found: /static/img/design-build-hero.jpg
Not Found: /favicon.ico
Not Found: /favicon.ico
Not Found: /favicon.ico
Not Found: /favicon.ico
Not Found: /favicon.ico
Not Found: /favicon.ico
Not Found: /favicon.ico
Internal Server Error: /bathroom-remodeling/
Traceback (most recent call last):
  File "/home/hightech/virtualenv/project22.quantumcoresoftware.com/home/3.10/lib/python3.10/site-packages/django/core/handlers/exception.py", line 55, in inner
    response = get_response(request)
  File "/home/hightech/virtualenv/project22.quantumcoresoftware.com/home/3.10/lib/python3.10/site-packages/django/core/handlers/base.py", line 197, in _get_response
    response = wrapped_callback(request, *callback_args, **callback_kwargs)
  File "/home/hightech/project22.quantumcoresoftware.com/home/main/views.py", line 103, in bathroom_remodeling
    return render(request, 'main/bathroom_remodeling.html')
  File "/home/hightech/virtualenv/project22.quantumcoresoftware.com/home/3.10/lib/python3.10/site-packages/django/shortcuts.py", line 25, in render
    content = loader.render_to_string(template_name, context, request, using=using)
  File "/home/hightech/virtualenv/project22.quantumcoresoftware.com/home/3.10/lib/python3.10/site-packages/django/template/loader.py", line 61, in render_to_string
    template = get_template(template_name, using=using)
  File "/home/hightech/virtualenv/project22.quantumcoresoftware.com/home/3.10/lib/python3.10/site-packages/django/template/loader.py", line 15, in get_template
    return engine.get_template(template_name)
  File "/home/hightech/virtualenv/project22.quantumcoresoftware.com/home/3.10/lib/python3.10/site-packages/django/template/backends/django.py", line 79, in get_template
    return Template(self.engine.get_template(template_name), self)
  File "/home/hightech/virtualenv/project22.quantumcoresoftware.com/home/3.10/lib/python3.10/site-packages/django/template/engine.py", line 177, in get_template
    template, origin = self.find_template(template_name)
  File "/home/hightech/virtualenv/project22.quantumcoresoftware.com/home/3.10/lib/python3.10/site-packages/django/template/engine.py", line 159, in find_template
    template = loader.get_template(name, skip=skip)
  File "/home/hightech/virtualenv/project22.quantumcoresoftware.com/home/3.10/lib/python3.10/site-packages/django/template/loaders/cached.py", line 57, in get_template
    template = super().get_template(template_name, skip)
  File "/home/hightech/virtualenv/project22.quantumcoresoftware.com/home/3.10/lib/python3.10/site-packages/django/template/loaders/base.py", line 28, in get_template
    return Template(
  File "/home/hightech/virtualenv/project22.quantumcoresoftware.com/home/3.10/lib/python3.10/site-packages/django/template/base.py", line 155, in __init__
    self.nodelist = self.compile_nodelist()
  File "/home/hightech/virtualenv/project22.quantumcoresoftware.com/home/3.10/lib/python3.10/site-packages/django/template/base.py", line 197, in compile_nodelist
    nodelist = parser.parse()
  File "/home/hightech/virtualenv/project22.quantumcoresoftware.com/home/3.10/lib/python3.10/site-packages/django/template/base.py", line 519, in parse
    raise self.error(token, e)
  File "/home/hightech/virtualenv/project22.quantumcoresoftware.com/home/3.10/lib/python3.10/site-packages/django/template/base.py", line 517, in parse
    compiled_result = compile_func(self, token)
  File "/home/hightech/virtualenv/project22.quantumcoresoftware.com/home/3.10/lib/python3.10/site-packages/django/template/loader_tags.py", line 299, in do_extends
    nodelist = parser.parse()
  File "/home/hightech/virtualenv/project22.quantumcoresoftware.com/home/3.10/lib/python3.10/site-packages/django/template/base.py", line 519, in parse
    raise self.error(token, e)
  File "/home/hightech/virtualenv/project22.quantumcoresoftware.com/home/3.10/lib/python3.10/site-packages/django/template/base.py", line 517, in parse
    compiled_result = compile_func(self, token)
  File "/home/hightech/virtualenv/project22.quantumcoresoftware.com/home/3.10/lib/python3.10/site-packages/django/template/loader_tags.py", line 234, in do_block
    nodelist = parser.parse(("endblock",))
  File "/home/hightech/virtualenv/project22.quantumcoresoftware.com/home/3.10/lib/python3.10/site-packages/django/template/base.py", line 524, in parse
    self.unclosed_block_tag(parse_until)
  File "/home/hightech/virtualenv/project22.quantumcoresoftware.com/home/3.10/lib/python3.10/site-packages/django/template/base.py", line 591, in unclosed_block_tag
    raise self.error(token, msg)
django.template.exceptions.TemplateSyntaxError: Unclosed tag on line 4: 'block'. Looking for one of: endblock.
Internal Server Error: /bathroom-remodeling/
Traceback (most recent call last):
  File "/home/hightech/virtualenv/project22.quantumcoresoftware.com/home/3.10/lib/python3.10/site-packages/django/core/handlers/exception.py", line 55, in inner
    response = get_response(request)
  File "/home/hightech/virtualenv/project22.quantumcoresoftware.com/home/3.10/lib/python3.10/site-packages/django/core/handlers/base.py", line 197, in _get_response
    response = wrapped_callback(request, *callback_args, **callback_kwargs)
  File "/home/hightech/project22.quantumcoresoftware.com/home/main/views.py", line 103, in bathroom_remodeling
    return render(request, 'main/bathroom_remodeling.html')
  File "/home/hightech/virtualenv/project22.quantumcoresoftware.com/home/3.10/lib/python3.10/site-packages/django/shortcuts.py", line 25, in render
    content = loader.render_to_string(template_name, context, request, using=using)
  File "/home/hightech/virtualenv/project22.quantumcoresoftware.com/home/3.10/lib/python3.10/site-packages/django/template/loader.py", line 61, in render_to_string
    template = get_template(template_name, using=using)
  File "/home/hightech/virtualenv/project22.quantumcoresoftware.com/home/3.10/lib/python3.10/site-packages/django/template/loader.py", line 15, in get_template
    return engine.get_template(template_name)
  File "/home/hightech/virtualenv/project22.quantumcoresoftware.com/home/3.10/lib/python3.10/site-packages/django/template/backends/django.py", line 79, in get_template
    return Template(self.engine.get_template(template_name), self)
  File "/home/hightech/virtualenv/project22.quantumcoresoftware.com/home/3.10/lib/python3.10/site-packages/django/template/engine.py", line 177, in get_template
    template, origin = self.find_template(template_name)
  File "/home/hightech/virtualenv/project22.quantumcoresoftware.com/home/3.10/lib/python3.10/site-packages/django/template/engine.py", line 159, in find_template
    template = loader.get_template(name, skip=skip)
  File "/home/hightech/virtualenv/project22.quantumcoresoftware.com/home/3.10/lib/python3.10/site-packages/django/template/loaders/cached.py", line 57, in get_template
    template = super().get_template(template_name, skip)
  File "/home/hightech/virtualenv/project22.quantumcoresoftware.com/home/3.10/lib/python3.10/site-packages/django/template/loaders/base.py", line 28, in get_template
    return Template(
  File "/home/hightech/virtualenv/project22.quantumcoresoftware.com/home/3.10/lib/python3.10/site-packages/django/template/base.py", line 155, in __init__
    self.nodelist = self.compile_nodelist()
  File "/home/hightech/virtualenv/project22.quantumcoresoftware.com/home/3.10/lib/python3.10/site-packages/django/template/base.py", line 197, in compile_nodelist
    nodelist = parser.parse()
  File "/home/hightech/virtualenv/project22.quantumcoresoftware.com/home/3.10/lib/python3.10/site-packages/django/template/base.py", line 519, in parse
    raise self.error(token, e)
  File "/home/hightech/virtualenv/project22.quantumcoresoftware.com/home/3.10/lib/python3.10/site-packages/django/template/base.py", line 517, in parse
    compiled_result = compile_func(self, token)
  File "/home/hightech/virtualenv/project22.quantumcoresoftware.com/home/3.10/lib/python3.10/site-packages/django/template/loader_tags.py", line 299, in do_extends
    nodelist = parser.parse()
  File "/home/hightech/virtualenv/project22.quantumcoresoftware.com/home/3.10/lib/python3.10/site-packages/django/template/base.py", line 519, in parse
    raise self.error(token, e)
  File "/home/hightech/virtualenv/project22.quantumcoresoftware.com/home/3.10/lib/python3.10/site-packages/django/template/base.py", line 517, in parse
    compiled_result = compile_func(self, token)
  File "/home/hightech/virtualenv/project22.quantumcoresoftware.com/home/3.10/lib/python3.10/site-packages/django/template/loader_tags.py", line 234, in do_block
    nodelist = parser.parse(("endblock",))
  File "/home/hightech/virtualenv/project22.quantumcoresoftware.com/home/3.10/lib/python3.10/site-packages/django/template/base.py", line 524, in parse
    self.unclosed_block_tag(parse_until)
  File "/home/hightech/virtualenv/project22.quantumcoresoftware.com/home/3.10/lib/python3.10/site-packages/django/template/base.py", line 591, in unclosed_block_tag
    raise self.error(token, msg)
django.template.exceptions.TemplateSyntaxError: Unclosed tag on line 4: 'block'. Looking for one of: endblock.
Not Found: /favicon.ico
Not Found: /favicon.ico
Not Found: /favicon.ico
Not Found: /static/img/kitchen-detail.jpg
Not Found: /favicon.ico
Not Found: /favicon.ico
Not Found: /favicon.ico
Not Found: /favicon.ico
Not Found: /favicon.ico
Not Found: /favicon.ico
Not Found: /favicon.ico
Not Found: /favicon.ico
Not Found: /favicon.ico
Not Found: /favicon.ico
Not Found: /favicon.ico
Not Found: /favicon.ico
Not Found: /favicon.ico
Internal Server Error: /
Traceback (most recent call last):
  File "/home/hightech/virtualenv/project22.quantumcoresoftware.com/home/3.10/lib/python3.10/site-packages/django/core/handlers/exception.py", line 55, in inner
    response = get_response(request)
  File "/home/hightech/virtualenv/project22.quantumcoresoftware.com/home/3.10/lib/python3.10/site-packages/django/core/handlers/base.py", line 197, in _get_response
    response = wrapped_callback(request, *callback_args, **callback_kwargs)
  File "/home/hightech/project22.quantumcoresoftware.com/home/main/views.py", line 50, in index
    return render(request, 'main/index.html', {'form': form})
  File "/home/hightech/virtualenv/project22.quantumcoresoftware.com/home/3.10/lib/python3.10/site-packages/django/shortcuts.py", line 25, in render
    content = loader.render_to_string(template_name, context, request, using=using)
  File "/home/hightech/virtualenv/project22.quantumcoresoftware.com/home/3.10/lib/python3.10/site-packages/django/template/loader.py", line 62, in render_to_string
    return template.render(context, request)
  File "/home/hightech/virtualenv/project22.quantumcoresoftware.com/home/3.10/lib/python3.10/site-packages/django/template/backends/django.py", line 107, in render
    return self.template.render(context)
  File "/home/hightech/virtualenv/project22.quantumcoresoftware.com/home/3.10/lib/python3.10/site-packages/django/template/base.py", line 172, in render
    return self._render(context)
  File "/home/hightech/virtualenv/project22.quantumcoresoftware.com/home/3.10/lib/python3.10/site-packages/django/template/base.py", line 164, in _render
    return self.nodelist.render(context)
  File "/home/hightech/virtualenv/project22.quantumcoresoftware.com/home/3.10/lib/python3.10/site-packages/django/template/base.py", line 1018, in render
    return SafeString("".join([node.render_annotated(context) for node in self]))
  File "/home/hightech/virtualenv/project22.quantumcoresoftware.com/home/3.10/lib/python3.10/site-packages/django/template/base.py", line 1018, in <listcomp>
    return SafeString("".join([node.render_annotated(context) for node in self]))
  File "/home/hightech/virtualenv/project22.quantumcoresoftware.com/home/3.10/lib/python3.10/site-packages/django/template/base.py", line 979, in render_annotated
    return self.render(context)
  File "/home/hightech/virtualenv/project22.quantumcoresoftware.com/home/3.10/lib/python3.10/site-packages/django/template/loader_tags.py", line 159, in render
    return compiled_parent._render(context)
  File "/home/hightech/virtualenv/project22.quantumcoresoftware.com/home/3.10/lib/python3.10/site-packages/django/template/base.py", line 164, in _render
    return self.nodelist.render(context)
  File "/home/hightech/virtualenv/project22.quantumcoresoftware.com/home/3.10/lib/python3.10/site-packages/django/template/base.py", line 1018, in render
    return SafeString("".join([node.render_annotated(context) for node in self]))
  File "/home/hightech/virtualenv/project22.quantumcoresoftware.com/home/3.10/lib/python3.10/site-packages/django/template/base.py", line 1018, in <listcomp>
    return SafeString("".join([node.render_annotated(context) for node in self]))
  File "/home/hightech/virtualenv/project22.quantumcoresoftware.com/home/3.10/lib/python3.10/site-packages/django/template/base.py", line 979, in render_annotated
    return self.render(context)
  File "/home/hightech/virtualenv/project22.quantumcoresoftware.com/home/3.10/lib/python3.10/site-packages/django/template/loader_tags.py", line 65, in render
    result = block.nodelist.render(context)
  File "/home/hightech/virtualenv/project22.quantumcoresoftware.com/home/3.10/lib/python3.10/site-packages/django/template/base.py", line 1018, in render
    return SafeString("".join([node.render_annotated(context) for node in self]))
  File "/home/hightech/virtualenv/project22.quantumcoresoftware.com/home/3.10/lib/python3.10/site-packages/django/template/base.py", line 1018, in <listcomp>
    return SafeString("".join([node.render_annotated(context) for node in self]))
  File "/home/hightech/virtualenv/project22.quantumcoresoftware.com/home/3.10/lib/python3.10/site-packages/django/template/base.py", line 979, in render_annotated
    return self.render(context)
  File "/home/hightech/virtualenv/project22.quantumcoresoftware.com/home/3.10/lib/python3.10/site-packages/django/template/defaulttags.py", line 480, in render
    url = reverse(view_name, args=args, kwargs=kwargs, current_app=current_app)
  File "/home/hightech/virtualenv/project22.quantumcoresoftware.com/home/3.10/lib/python3.10/site-packages/django/urls/base.py", line 98, in reverse
    resolved_url = resolver._reverse_with_prefix(view, prefix, *args, **kwargs)
  File "/home/hightech/virtualenv/project22.quantumcoresoftware.com/home/3.10/lib/python3.10/site-packages/django/urls/resolvers.py", line 831, in _reverse_with_prefix
    raise NoReverseMatch(msg)
django.urls.exceptions.NoReverseMatch: Reverse for 'your-contact-view-url-name' not found. 'your-contact-view-url-name' is not a valid view function or pattern name.
Internal Server Error: /
Traceback (most recent call last):
  File "/home/hightech/virtualenv/project22.quantumcoresoftware.com/home/3.10/lib/python3.10/site-packages/django/core/handlers/exception.py", line 55, in inner
    response = get_response(request)
  File "/home/hightech/virtualenv/project22.quantumcoresoftware.com/home/3.10/lib/python3.10/site-packages/django/core/handlers/base.py", line 197, in _get_response
    response = wrapped_callback(request, *callback_args, **callback_kwargs)
  File "/home/hightech/project22.quantumcoresoftware.com/home/main/views.py", line 50, in index
    return render(request, 'main/index.html', {'form': form})
  File "/home/hightech/virtualenv/project22.quantumcoresoftware.com/home/3.10/lib/python3.10/site-packages/django/shortcuts.py", line 25, in render
    content = loader.render_to_string(template_name, context, request, using=using)
  File "/home/hightech/virtualenv/project22.quantumcoresoftware.com/home/3.10/lib/python3.10/site-packages/django/template/loader.py", line 62, in render_to_string
    return template.render(context, request)
  File "/home/hightech/virtualenv/project22.quantumcoresoftware.com/home/3.10/lib/python3.10/site-packages/django/template/backends/django.py", line 107, in render
    return self.template.render(context)
  File "/home/hightech/virtualenv/project22.quantumcoresoftware.com/home/3.10/lib/python3.10/site-packages/django/template/base.py", line 172, in render
    return self._render(context)
  File "/home/hightech/virtualenv/project22.quantumcoresoftware.com/home/3.10/lib/python3.10/site-packages/django/template/base.py", line 164, in _render
    return self.nodelist.render(context)
  File "/home/hightech/virtualenv/project22.quantumcoresoftware.com/home/3.10/lib/python3.10/site-packages/django/template/base.py", line 1018, in render
    return SafeString("".join([node.render_annotated(context) for node in self]))
  File "/home/hightech/virtualenv/project22.quantumcoresoftware.com/home/3.10/lib/python3.10/site-packages/django/template/base.py", line 1018, in <listcomp>
    return SafeString("".join([node.render_annotated(context) for node in self]))
  File "/home/hightech/virtualenv/project22.quantumcoresoftware.com/home/3.10/lib/python3.10/site-packages/django/template/base.py", line 979, in render_annotated
    return self.render(context)
  File "/home/hightech/virtualenv/project22.quantumcoresoftware.com/home/3.10/lib/python3.10/site-packages/django/template/loader_tags.py", line 159, in render
    return compiled_parent._render(context)
  File "/home/hightech/virtualenv/project22.quantumcoresoftware.com/home/3.10/lib/python3.10/site-packages/django/template/base.py", line 164, in _render
    return self.nodelist.render(context)
  File "/home/hightech/virtualenv/project22.quantumcoresoftware.com/home/3.10/lib/python3.10/site-packages/django/template/base.py", line 1018, in render
    return SafeString("".join([node.render_annotated(context) for node in self]))
  File "/home/hightech/virtualenv/project22.quantumcoresoftware.com/home/3.10/lib/python3.10/site-packages/django/template/base.py", line 1018, in <listcomp>
    return SafeString("".join([node.render_annotated(context) for node in self]))
  File "/home/hightech/virtualenv/project22.quantumcoresoftware.com/home/3.10/lib/python3.10/site-packages/django/template/base.py", line 979, in render_annotated
    return self.render(context)
  File "/home/hightech/virtualenv/project22.quantumcoresoftware.com/home/3.10/lib/python3.10/site-packages/django/template/loader_tags.py", line 65, in render
    result = block.nodelist.render(context)
  File "/home/hightech/virtualenv/project22.quantumcoresoftware.com/home/3.10/lib/python3.10/site-packages/django/template/base.py", line 1018, in render
    return SafeString("".join([node.render_annotated(context) for node in self]))
  File "/home/hightech/virtualenv/project22.quantumcoresoftware.com/home/3.10/lib/python3.10/site-packages/django/template/base.py", line 1018, in <listcomp>
    return SafeString("".join([node.render_annotated(context) for node in self]))
  File "/home/hightech/virtualenv/project22.quantumcoresoftware.com/home/3.10/lib/python3.10/site-packages/django/template/base.py", line 979, in render_annotated
    return self.render(context)
  File "/home/hightech/virtualenv/project22.quantumcoresoftware.com/home/3.10/lib/python3.10/site-packages/django/template/defaulttags.py", line 480, in render
    url = reverse(view_name, args=args, kwargs=kwargs, current_app=current_app)
  File "/home/hightech/virtualenv/project22.quantumcoresoftware.com/home/3.10/lib/python3.10/site-packages/django/urls/base.py", line 98, in reverse
    resolved_url = resolver._reverse_with_prefix(view, prefix, *args, **kwargs)
  File "/home/hightech/virtualenv/project22.quantumcoresoftware.com/home/3.10/lib/python3.10/site-packages/django/urls/resolvers.py", line 831, in _reverse_with_prefix
    raise NoReverseMatch(msg)
django.urls.exceptions.NoReverseMatch: Reverse for 'your-contact-view-url-name' not found. 'your-contact-view-url-name' is not a valid view function or pattern name.
Not Found: /favicon.ico
Not Found: /favicon.ico
Not Found: /favicon.ico
Not Found: /favicon.ico
Internal Server Error: /
Traceback (most recent call last):
  File "/opt/alt/python310/lib64/python3.10/email/_header_value_parser.py", line 1807, in get_mailbox
    token, value = get_name_addr(value)
  File "/opt/alt/python310/lib64/python3.10/email/_header_value_parser.py", line 1783, in get_name_addr
    raise errors.HeaderParseError(
email.errors.HeaderParseError: expected name-addr but found '['Myoussef@lkmconstruction.com', 'quantumcoresoftware1@gmail.com']'

During handling of the above exception, another exception occurred:

Traceback (most recent call last):
  File "/opt/alt/python310/lib64/python3.10/email/_header_value_parser.py", line 1472, in get_local_part
    token, value = get_dot_atom(value)
  File "/opt/alt/python310/lib64/python3.10/email/_header_value_parser.py", line 1381, in get_dot_atom
    token, value = get_dot_atom_text(value)
  File "/opt/alt/python310/lib64/python3.10/email/_header_value_parser.py", line 1350, in get_dot_atom_text
    raise errors.HeaderParseError("expected atom at a start of "
email.errors.HeaderParseError: expected atom at a start of dot-atom-text but found '['Myoussef@lkmconstruction.com', 'quantumcoresoftware1@gmail.com']'

During handling of the above exception, another exception occurred:

Traceback (most recent call last):
  File "/opt/alt/python310/lib64/python3.10/email/_header_value_parser.py", line 1810, in get_mailbox
    token, value = get_addr_spec(value)
  File "/opt/alt/python310/lib64/python3.10/email/_header_value_parser.py", line 1656, in get_addr_spec
    token, value = get_local_part(value)
  File "/opt/alt/python310/lib64/python3.10/email/_header_value_parser.py", line 1475, in get_local_part
    token, value = get_word(value)
  File "/opt/alt/python310/lib64/python3.10/email/_header_value_parser.py", line 1414, in get_word
    raise errors.HeaderParseError("Expected 'atom' or 'quoted-string' "
email.errors.HeaderParseError: Expected 'atom' or 'quoted-string' but found '['Myoussef@lkmconstruction.com', 'quantumcoresoftware1@gmail.com']'

During handling of the above exception, another exception occurred:

Traceback (most recent call last):
  File "/home/hightech/virtualenv/project22.quantumcoresoftware.com/home/3.10/lib/python3.10/site-packages/django/core/mail/message.py", line 87, in sanitize_address
    token, rest = parser.get_mailbox(addr)
  File "/opt/alt/python310/lib64/python3.10/email/_header_value_parser.py", line 1812, in get_mailbox
    raise errors.HeaderParseError(
email.errors.HeaderParseError: expected mailbox but found '['Myoussef@lkmconstruction.com', 'quantumcoresoftware1@gmail.com']'

During handling of the above exception, another exception occurred:

Traceback (most recent call last):
  File "/home/hightech/virtualenv/project22.quantumcoresoftware.com/home/3.10/lib/python3.10/site-packages/django/core/handlers/exception.py", line 55, in inner
    response = get_response(request)
  File "/home/hightech/virtualenv/project22.quantumcoresoftware.com/home/3.10/lib/python3.10/site-packages/django/core/handlers/base.py", line 197, in _get_response
    response = wrapped_callback(request, *callback_args, **callback_kwargs)
  File "/home/hightech/project22.quantumcoresoftware.com/home/main/views.py", line 25, in index
    send_mail(
  File "/home/hightech/virtualenv/project22.quantumcoresoftware.com/home/3.10/lib/python3.10/site-packages/django/core/mail/__init__.py", line 92, in send_mail
    return mail.send()
  File "/home/hightech/virtualenv/project22.quantumcoresoftware.com/home/3.10/lib/python3.10/site-packages/django/core/mail/message.py", line 307, in send
    return self.get_connection(fail_silently).send_messages([self])
  File "/home/hightech/virtualenv/project22.quantumcoresoftware.com/home/3.10/lib/python3.10/site-packages/django/core/mail/backends/smtp.py", line 136, in send_messages
    sent = self._send(message)
  File "/home/hightech/virtualenv/project22.quantumcoresoftware.com/home/3.10/lib/python3.10/site-packages/django/core/mail/backends/smtp.py", line 150, in _send
    recipients = [
  File "/home/hightech/virtualenv/project22.quantumcoresoftware.com/home/3.10/lib/python3.10/site-packages/django/core/mail/backends/smtp.py", line 151, in <listcomp>
    sanitize_address(addr, encoding) for addr in email_message.recipients()
  File "/home/hightech/virtualenv/project22.quantumcoresoftware.com/home/3.10/lib/python3.10/site-packages/django/core/mail/message.py", line 89, in sanitize_address
    raise ValueError('Invalid address "%s"' % addr)
ValueError: Invalid address "['Myoussef@lkmconstruction.com', 'quantumcoresoftware1@gmail.com']"
Internal Server Error: /
Traceback (most recent call last):
  File "/opt/alt/python310/lib64/python3.10/email/_header_value_parser.py", line 1807, in get_mailbox
    token, value = get_name_addr(value)
  File "/opt/alt/python310/lib64/python3.10/email/_header_value_parser.py", line 1783, in get_name_addr
    raise errors.HeaderParseError(
email.errors.HeaderParseError: expected name-addr but found '['Myoussef@lkmconstruction.com', 'quantumcoresoftware1@gmail.com']'

During handling of the above exception, another exception occurred:

Traceback (most recent call last):
  File "/opt/alt/python310/lib64/python3.10/email/_header_value_parser.py", line 1472, in get_local_part
    token, value = get_dot_atom(value)
  File "/opt/alt/python310/lib64/python3.10/email/_header_value_parser.py", line 1381, in get_dot_atom
    token, value = get_dot_atom_text(value)
  File "/opt/alt/python310/lib64/python3.10/email/_header_value_parser.py", line 1350, in get_dot_atom_text
    raise errors.HeaderParseError("expected atom at a start of "
email.errors.HeaderParseError: expected atom at a start of dot-atom-text but found '['Myoussef@lkmconstruction.com', 'quantumcoresoftware1@gmail.com']'

During handling of the above exception, another exception occurred:

Traceback (most recent call last):
  File "/opt/alt/python310/lib64/python3.10/email/_header_value_parser.py", line 1810, in get_mailbox
    token, value = get_addr_spec(value)
  File "/opt/alt/python310/lib64/python3.10/email/_header_value_parser.py", line 1656, in get_addr_spec
    token, value = get_local_part(value)
  File "/opt/alt/python310/lib64/python3.10/email/_header_value_parser.py", line 1475, in get_local_part
    token, value = get_word(value)
  File "/opt/alt/python310/lib64/python3.10/email/_header_value_parser.py", line 1414, in get_word
    raise errors.HeaderParseError("Expected 'atom' or 'quoted-string' "
email.errors.HeaderParseError: Expected 'atom' or 'quoted-string' but found '['Myoussef@lkmconstruction.com', 'quantumcoresoftware1@gmail.com']'

During handling of the above exception, another exception occurred:

Traceback (most recent call last):
  File "/home/hightech/virtualenv/project22.quantumcoresoftware.com/home/3.10/lib/python3.10/site-packages/django/core/mail/message.py", line 87, in sanitize_address
    token, rest = parser.get_mailbox(addr)
  File "/opt/alt/python310/lib64/python3.10/email/_header_value_parser.py", line 1812, in get_mailbox
    raise errors.HeaderParseError(
email.errors.HeaderParseError: expected mailbox but found '['Myoussef@lkmconstruction.com', 'quantumcoresoftware1@gmail.com']'

During handling of the above exception, another exception occurred:

Traceback (most recent call last):
  File "/home/hightech/virtualenv/project22.quantumcoresoftware.com/home/3.10/lib/python3.10/site-packages/django/core/handlers/exception.py", line 55, in inner
    response = get_response(request)
  File "/home/hightech/virtualenv/project22.quantumcoresoftware.com/home/3.10/lib/python3.10/site-packages/django/core/handlers/base.py", line 197, in _get_response
    response = wrapped_callback(request, *callback_args, **callback_kwargs)
  File "/home/hightech/project22.quantumcoresoftware.com/home/main/views.py", line 25, in index
    send_mail(
  File "/home/hightech/virtualenv/project22.quantumcoresoftware.com/home/3.10/lib/python3.10/site-packages/django/core/mail/__init__.py", line 92, in send_mail
    return mail.send()
  File "/home/hightech/virtualenv/project22.quantumcoresoftware.com/home/3.10/lib/python3.10/site-packages/django/core/mail/message.py", line 307, in send
    return self.get_connection(fail_silently).send_messages([self])
  File "/home/hightech/virtualenv/project22.quantumcoresoftware.com/home/3.10/lib/python3.10/site-packages/django/core/mail/backends/smtp.py", line 136, in send_messages
    sent = self._send(message)
  File "/home/hightech/virtualenv/project22.quantumcoresoftware.com/home/3.10/lib/python3.10/site-packages/django/core/mail/backends/smtp.py", line 150, in _send
    recipients = [
  File "/home/hightech/virtualenv/project22.quantumcoresoftware.com/home/3.10/lib/python3.10/site-packages/django/core/mail/backends/smtp.py", line 151, in <listcomp>
    sanitize_address(addr, encoding) for addr in email_message.recipients()
  File "/home/hightech/virtualenv/project22.quantumcoresoftware.com/home/3.10/lib/python3.10/site-packages/django/core/mail/message.py", line 89, in sanitize_address
    raise ValueError('Invalid address "%s"' % addr)
ValueError: Invalid address "['Myoussef@lkmconstruction.com', 'quantumcoresoftware1@gmail.com']"
Not Found: /favicon.ico
Internal Server Error: /
Traceback (most recent call last):
  File "/opt/alt/python310/lib64/python3.10/email/_header_value_parser.py", line 1807, in get_mailbox
    token, value = get_name_addr(value)
  File "/opt/alt/python310/lib64/python3.10/email/_header_value_parser.py", line 1783, in get_name_addr
    raise errors.HeaderParseError(
email.errors.HeaderParseError: expected name-addr but found '['Myoussef@lkmconstruction.com']'

During handling of the above exception, another exception occurred:

Traceback (most recent call last):
  File "/opt/alt/python310/lib64/python3.10/email/_header_value_parser.py", line 1472, in get_local_part
    token, value = get_dot_atom(value)
  File "/opt/alt/python310/lib64/python3.10/email/_header_value_parser.py", line 1381, in get_dot_atom
    token, value = get_dot_atom_text(value)
  File "/opt/alt/python310/lib64/python3.10/email/_header_value_parser.py", line 1350, in get_dot_atom_text
    raise errors.HeaderParseError("expected atom at a start of "
email.errors.HeaderParseError: expected atom at a start of dot-atom-text but found '['Myoussef@lkmconstruction.com']'

During handling of the above exception, another exception occurred:

Traceback (most recent call last):
  File "/opt/alt/python310/lib64/python3.10/email/_header_value_parser.py", line 1810, in get_mailbox
    token, value = get_addr_spec(value)
  File "/opt/alt/python310/lib64/python3.10/email/_header_value_parser.py", line 1656, in get_addr_spec
    token, value = get_local_part(value)
  File "/opt/alt/python310/lib64/python3.10/email/_header_value_parser.py", line 1475, in get_local_part
    token, value = get_word(value)
  File "/opt/alt/python310/lib64/python3.10/email/_header_value_parser.py", line 1414, in get_word
    raise errors.HeaderParseError("Expected 'atom' or 'quoted-string' "
email.errors.HeaderParseError: Expected 'atom' or 'quoted-string' but found '['Myoussef@lkmconstruction.com']'

During handling of the above exception, another exception occurred:

Traceback (most recent call last):
  File "/home/hightech/virtualenv/project22.quantumcoresoftware.com/home/3.10/lib/python3.10/site-packages/django/core/mail/message.py", line 87, in sanitize_address
    token, rest = parser.get_mailbox(addr)
  File "/opt/alt/python310/lib64/python3.10/email/_header_value_parser.py", line 1812, in get_mailbox
    raise errors.HeaderParseError(
email.errors.HeaderParseError: expected mailbox but found '['Myoussef@lkmconstruction.com']'

During handling of the above exception, another exception occurred:

Traceback (most recent call last):
  File "/home/hightech/virtualenv/project22.quantumcoresoftware.com/home/3.10/lib/python3.10/site-packages/django/core/handlers/exception.py", line 55, in inner
    response = get_response(request)
  File "/home/hightech/virtualenv/project22.quantumcoresoftware.com/home/3.10/lib/python3.10/site-packages/django/core/handlers/base.py", line 197, in _get_response
    response = wrapped_callback(request, *callback_args, **callback_kwargs)
  File "/home/hightech/project22.quantumcoresoftware.com/home/main/views.py", line 25, in index
    send_mail(
  File "/home/hightech/virtualenv/project22.quantumcoresoftware.com/home/3.10/lib/python3.10/site-packages/django/core/mail/__init__.py", line 92, in send_mail
    return mail.send()
  File "/home/hightech/virtualenv/project22.quantumcoresoftware.com/home/3.10/lib/python3.10/site-packages/django/core/mail/message.py", line 307, in send
    return self.get_connection(fail_silently).send_messages([self])
  File "/home/hightech/virtualenv/project22.quantumcoresoftware.com/home/3.10/lib/python3.10/site-packages/django/core/mail/backends/smtp.py", line 136, in send_messages
    sent = self._send(message)
  File "/home/hightech/virtualenv/project22.quantumcoresoftware.com/home/3.10/lib/python3.10/site-packages/django/core/mail/backends/smtp.py", line 150, in _send
    recipients = [
  File "/home/hightech/virtualenv/project22.quantumcoresoftware.com/home/3.10/lib/python3.10/site-packages/django/core/mail/backends/smtp.py", line 151, in <listcomp>
    sanitize_address(addr, encoding) for addr in email_message.recipients()
  File "/home/hightech/virtualenv/project22.quantumcoresoftware.com/home/3.10/lib/python3.10/site-packages/django/core/mail/message.py", line 89, in sanitize_address
    raise ValueError('Invalid address "%s"' % addr)
ValueError: Invalid address "['Myoussef@lkmconstruction.com']"
Not Found: /favicon.ico
Internal Server Error: /
Traceback (most recent call last):
  File "/opt/alt/python310/lib64/python3.10/email/_header_value_parser.py", line 1807, in get_mailbox
    token, value = get_name_addr(value)
  File "/opt/alt/python310/lib64/python3.10/email/_header_value_parser.py", line 1783, in get_name_addr
    raise errors.HeaderParseError(
email.errors.HeaderParseError: expected name-addr but found '['sahkhushi946@gmail.com']'

During handling of the above exception, another exception occurred:

Traceback (most recent call last):
  File "/opt/alt/python310/lib64/python3.10/email/_header_value_parser.py", line 1472, in get_local_part
    token, value = get_dot_atom(value)
  File "/opt/alt/python310/lib64/python3.10/email/_header_value_parser.py", line 1381, in get_dot_atom
    token, value = get_dot_atom_text(value)
  File "/opt/alt/python310/lib64/python3.10/email/_header_value_parser.py", line 1350, in get_dot_atom_text
    raise errors.HeaderParseError("expected atom at a start of "
email.errors.HeaderParseError: expected atom at a start of dot-atom-text but found '['sahkhushi946@gmail.com']'

During handling of the above exception, another exception occurred:

Traceback (most recent call last):
  File "/opt/alt/python310/lib64/python3.10/email/_header_value_parser.py", line 1810, in get_mailbox
    token, value = get_addr_spec(value)
  File "/opt/alt/python310/lib64/python3.10/email/_header_value_parser.py", line 1656, in get_addr_spec
    token, value = get_local_part(value)
  File "/opt/alt/python310/lib64/python3.10/email/_header_value_parser.py", line 1475, in get_local_part
    token, value = get_word(value)
  File "/opt/alt/python310/lib64/python3.10/email/_header_value_parser.py", line 1414, in get_word
    raise errors.HeaderParseError("Expected 'atom' or 'quoted-string' "
email.errors.HeaderParseError: Expected 'atom' or 'quoted-string' but found '['sahkhushi946@gmail.com']'

During handling of the above exception, another exception occurred:

Traceback (most recent call last):
  File "/home/hightech/virtualenv/project22.quantumcoresoftware.com/home/3.10/lib/python3.10/site-packages/django/core/mail/message.py", line 87, in sanitize_address
    token, rest = parser.get_mailbox(addr)
  File "/opt/alt/python310/lib64/python3.10/email/_header_value_parser.py", line 1812, in get_mailbox
    raise errors.HeaderParseError(
email.errors.HeaderParseError: expected mailbox but found '['sahkhushi946@gmail.com']'

During handling of the above exception, another exception occurred:

Traceback (most recent call last):
  File "/home/hightech/virtualenv/project22.quantumcoresoftware.com/home/3.10/lib/python3.10/site-packages/django/core/handlers/exception.py", line 55, in inner
    response = get_response(request)
  File "/home/hightech/virtualenv/project22.quantumcoresoftware.com/home/3.10/lib/python3.10/site-packages/django/core/handlers/base.py", line 197, in _get_response
    response = wrapped_callback(request, *callback_args, **callback_kwargs)
  File "/home/hightech/project22.quantumcoresoftware.com/home/main/views.py", line 25, in index
    send_mail(
  File "/home/hightech/virtualenv/project22.quantumcoresoftware.com/home/3.10/lib/python3.10/site-packages/django/core/mail/__init__.py", line 92, in send_mail
    return mail.send()
  File "/home/hightech/virtualenv/project22.quantumcoresoftware.com/home/3.10/lib/python3.10/site-packages/django/core/mail/message.py", line 307, in send
    return self.get_connection(fail_silently).send_messages([self])
  File "/home/hightech/virtualenv/project22.quantumcoresoftware.com/home/3.10/lib/python3.10/site-packages/django/core/mail/backends/smtp.py", line 136, in send_messages
    sent = self._send(message)
  File "/home/hightech/virtualenv/project22.quantumcoresoftware.com/home/3.10/lib/python3.10/site-packages/django/core/mail/backends/smtp.py", line 150, in _send
    recipients = [
  File "/home/hightech/virtualenv/project22.quantumcoresoftware.com/home/3.10/lib/python3.10/site-packages/django/core/mail/backends/smtp.py", line 151, in <listcomp>
    sanitize_address(addr, encoding) for addr in email_message.recipients()
  File "/home/hightech/virtualenv/project22.quantumcoresoftware.com/home/3.10/lib/python3.10/site-packages/django/core/mail/message.py", line 89, in sanitize_address
    raise ValueError('Invalid address "%s"' % addr)
ValueError: Invalid address "['sahkhushi946@gmail.com']"
Not Found: /favicon.ico
Not Found: /favicon.ico
Not Found: /favicon.ico
Not Found: /favicon.ico
Not Found: /favicon.ico
